Date,Time,SP,Type,Family,Genus,Species,Common_name,*NEED TO CONFIRM,Notes
05/05/2023,15:36,NB5,EF,,Prunus,serotina,Black cherry ,Y,previously named alder
05/05/2023,15:11,NB4,EF,,Prunus,,,Y,previously named alder - changed shrub after may 14
05/05/2023,15:15,NB4,AF,,Prunus,,,Y,previously named alder
05/05/2023,12:33,NB1,CAT.F,,Prunus,,,Y,previously named alder
05/05/2023,12:53,NB1,AF,,Crataegus,,Hawthorns,,
05/05/2023,12:42,NB1,CAT.ADJ,,Prunus,,,Y,previously named alder
05/05/2023,15:40,NB5,AF,,Prunus,,,Y,previously named alder
05/05/2023,13:23,NB2,EF,,Prunus,serotina,Black cherry ,Y,previously named alder
05/05/2023,13:36,NB2,AF,,Viburnum,rafinesquenum,Downy arrowood,N,previously named alder
05/06/2023,9:50,NB3,CAT.ADJ,,Prunus,,,Y,previously named alder
05/06/2023,14:43,CP5,AF,,Crataegus,chrysocarpa,fireberry hawthorn,,
05/06/2023,14:44,CP5,EF,,Crataegus,chrysocarpa,fireberry hawthorn,,
05/06/2023,11:00,NB4,CAT.ADJ,,Prunus,,,Y,previously named alder
05/06/2023,13:48,CP7,AF,,Prunus,virginiana,chokecherry,,previously named alder
05/06/2023,13:46,Y,EF,,Lonicera,,Honeysuckles,Y,from memory but should confirm
05/06/2023,9:45,NB3,CAT.F,,Prunus,,,Y,previously named alder
05/06/2023,13:22,CP6,AF,,Salix,bebbiana ,Bebb's willow,Y,inat
05/06/2023,13:18,CP6,EF,,Populus,tremuloides,Trembling_Aspen,,
05/06/2023,11:00,NB4,CAT.F,,Prunus,,,Y,previously named alder
05/07/2023,11:59,CP2,EF,,Lonicera,morrowii,Marrows honeysuckle,Y,inat
05/07/2023,12:00,CP2,AF,,Ulmus,,Elm,,
05/07/2023,11:24,CP3,AF,,Prunus,,,Y,"inat - early budding might be wrong, could be populus should confirm next week or next after"
05/07/2023,10:58,CP4,AF,,Crataegus,,Hawthorns,Y,
05/07/2023,10:53,CP4,EF,,Populus,tremuloides,Trembling_Aspen,,
05/08/2023,13:12,PS2,EF,,Populus,balsamifera,Balsam_Poplar,,
05/08/2023,11:53,PS3,EF,,Crataegus,chrysocarpa,Hawthorns (fireberry),,
05/08/2023,13:56,PS1,AF,,Populus,balsamifera,Balsam_Poplar,,confirmed by someone on inat
05/08/2023,13:32,PS2,EF,,Populus,balsamifera,Balsam_Poplar,,confirmed by baxter
05/08/2023,10:47,PS4,CAT.F,,Prunus,,Black cherry ,Y,
05/08/2023,13:54,PS1,EF,,Populus,tremuloides,Trembling_Aspen,,
05/08/2023,12:12,PS3,CAT.ADJ,,Prunus,,,Y,
05/08/2023,11:22,PS5,AF,,Ulmus,americana,American elm,Y,previously american hornbeam
05/08/2023,11:17,PS5,EF,,Populus,tremuloides,Trembling_Aspen,,
05/08/2023,13:35,PS2,AF,,Spiraea,alba,white meadowsweet,,confirmed by baxter
05/08/2023,10:37,PS4,EF,,Populus,tremuloides,Trembling_Aspen,,
05/08/2023,10:37,PS4,AF,,Spiraea,alba,white meadowsweet,,
05/08/2023,12:10,PS3,CAT.F,,Prunus,,,Y,
05/08/2023,12:00,PS3,AF,,Prunus,,,Y,"cherries, etc"
05/14/2023,12:32,NB1,EF,,Prunus,serotina,Black cherry ,Y,*changed shrub after may 14
05/14/2023,12:35,NB1,AF,,Crataegus,chrysocarpa,fireberry hawthorn,,
05/14/2023,11:52,NB4,CAT.ADJ,,Acer,saccharum,Sugar_maple,,
05/14/2023,10:57,NB5,EF,,Prunus,serotina,Black cherry ,,
05/14/2023,11:00,NB5,AF,,Prunus,,,Y,
05/14/2023,12:46,NB1,CAT.ADJ,,Prunus,,,Y,
05/14/2023,12:46,NB1,CAT.F,,Prunus,,,Y,
05/14/2023,11:35,NB4,AF,,Prunus,,,Y,pink and green leaf
05/14/2023,13:40,NB2,CAT.F,,Prunus,,,Y,
05/14/2023,13:36,NB2,EF,,Prunus,serotina,Black cherry ,,
05/14/2023,11:32,NB4,EF,,Prunus,,,Y,red leaf - changed shrub after this point
05/14/2023,13:36,NB2,AF,,Viburnum,rafinesquenum,Downy arrowood,Y,prunus or this?????
05/14/2023,11:14,NB5,CAT.ADJ,,Prunus,,,Y,cat. also foraged on this plant
05/14/2023,14:23,NB3,CAT.ADJ,,Prunus,,,Y,
05/14/2023,14:20,NB3,CAT.F,,Prunus,,,Y,
05/14/2023,14:04,NB3,EF,,Prunus,virginiana,chokecherry,,
05/14/2023,14:04,NB3,AF,,Acer,rubrum,Red maple,Y,just changed to maple this week
05/14/2023,13:42,NB2,CAT.ADJ,,Populus,balsamifera,Balsam_Poplar,Y,
05/15/2023,12:35,CP4,EF,,Populus,tremuloides,Trembling_Aspen,,
05/15/2023,12:58,CP4,CAT.ADJ,,Cormus,sericea,Dogwood,Y,
05/15/2023,13:54,CP3,EF,,Populus,tremuloides,Trembling_Aspen,,
05/15/2023,12:39,CP4,AF,,Crataegus,,hawthorn or swamp birch,Y,
05/15/2023,12:49,CP4,CAT.F,,Ulmus,pumila,Elm,,
05/15/2023,12:50,CP6,AF,,Salix,bebbiana ,Bebb's willow,Y,
05/15/2023,12:50,CP6,AF,,Salix,bebbiana ,Bebb's willow,Y,
05/15/2023,13:02,CP6,CAT.F,,Prunus,,,,Someone on inat identified this!
05/15/2023,1:40,CP7,CAT.F,,Prunus,,,Y,
05/15/2023,12:51,CP6,EF,,Populus,tremuloides,Trembling_Aspen,,
05/15/2023,13:27,PS4,RANDOM,,Populus,tremuloides,Trembling_Aspen,,
05/15/2023,13:29,CP7,AF,,Prunus,virginiana,chokecherry,Y,
05/15/2023,13:29,CP7,EF,,Lonicera,morrowii,morrow honeysuckle,Y,
05/15/2023,13:33,CP5,RANDOM,,Crataegus,chrysocarpa,Hawthorns (fireberry),Y,
05/15/2023,13:56,CP3,AF,,Populus,tremuloides,Trembling_Aspen,Y,confirm next week
05/15/2023,14:07,CP3,RANDOM,,Populus,tremuloides,Trembling_Aspen,,
05/15/2023,13:21,CP5,AF,,Crataegus,chrysocarpa,fireberry hawthorn,,
05/15/2023,13:17,CP5,EF,,Crataegus,chrysocarpa,fireberry hawthorn,,
05/15/2023,13:40,-,CAT.ADJ,,Lonicera,,Honeysuckle,Y,probably NB 
05/15/2023,13:09,CP6,CAT.ADJ,,Lonicera,,Honeysuckle,Y,
05/16/2023,13:38,PS5,EF,,Populus,tremuloides,Trembling_Aspen,,
05/16/2023,13:01,PS3,CAT.F,,Prunus,,,Y,
05/16/2023,13:04,PS3,CAT.ADJ,,Prunus,,,Y,
05/16/2023,13:49,PS5,RANDOM,,Populus,tremuloides,Trembling_Aspen,,
05/16/2023,14:30,PS2,RANDOM,,Salix,,Willows,Y,
05/16/2023,12:24,PS1,AF,,Populus,balsamifera,Balsam_Poplar,,
05/16/2023,12:15,PS1,EF,,Populus,tremuloides,Trembling_Aspen,,
05/16/2023,14:15,PS2,EF,,Populus,balsamifera,Balsam_Poplar,,confirmed by baxter inat
05/16/2023,14:20,PS2,AF,,Spiraea,alba,white meadowsweet,,confirmed by baxter inat
05/16/2023,13:38,PS5,AF,,Ulmus,americana,American elm,,
05/16/2023,14:43,PS5,EF,,Populus,tremuloides,Trembling_Aspen,,
05/16/2023,14:43,PS5,EF,,Populus,tremuloides,Trembling_Aspen,,
05/16/2023,13:13,PS4,EF,,Populus,tremuloides,Trembling_Aspen,Y,
05/16/2023,13:17,PS4,AF,,Spiraea,alba,white meadowsweet,,
05/16/2023,12:57,PS3,EF,,Crataegus,chrysocarpa,Hawthorns (fireberry),Y,
05/16/2023,12:52,PS3,AF,,Prunus,,,Y,
05/16/2023,13:27,PS4,RANDOM,,Populus,tremuloides,Trembling_Aspen,,
05/16/2023,12:39,PS1,RANDOM,,Ulmus,,Elm,Y,
05/23/2023,13:26,NB1,CAT.ADJ,,Prunus,,,Y,
05/23/2023,13:50,NB2,RANDOM,,Viburnums,,downy arrowood,Y,"original SP is AF but caterpillars ate all the leaves, so sampled 5 m away"
05/23/2023,13:42,NB2,EF,,Prunus,,,Y,black
05/23/2023,13:25,NB1,CAT.F,,Prunus,,,Y,black
05/23/2023,13:08,NB1,EF,,Prunus,,,Y,black cherry
05/23/2023,13:15,NB1,AF,,Crataegus,,Hawthorns (fireberry),Y,need confirm
05/23/2023,14:32,NB3,CAT.F,,Prunus,,,Y,black
05/23/2023,11:04,NB5,EF,,Prunus,,,Y,
05/23/2023,11:17,NB5,CAT.F,,Prunus,,,Y,
05/23/2023,14:30,NB3,EF,,Prunus,,,Y,fire cherry?
05/23/2023,11:15,NB5,CAT.ADJ,,Populus,tremuloides,Trembling_Aspen,,
05/23/2023,11:10,NB5,AF,,Prunus,,,Y,black choke cherry
05/23/2023,14:10,NB2,CAT.ADJ,,Prunus,,,Y,"black, dist from edge 15 m"
05/23/2023,14:44,NB3,CAT.ADJ,,Populus,tremuloides,Trembling_Aspen,,
05/23/2023,14:30,NB3,AF,,Acer,,,Y,maple
05/24/2023,14:57,CP7,CAT.F,,Prunus,virginiana,choke cherry,Y,
05/24/2023,14:55,CP7,CAT.ADJ,,Crataegus,,Hawthorns (fireberry),Y,dist 5 m edge
05/24/2023,-,CP6,CAT.F,,Lonicera,morrowii,morrow honeysuckle,Y,
05/24/2023,14:28,CP4,RANDOM,,Prunus,,,Y,see observations
05/24/2023,14:20,CP4,AF,,Crataegus,,Hawthorns (fireberry),Y,
05/24/2023,14:17,CP4,EF,,Populus,tremuloides,Trembling_Aspen,,
05/24/2023,14:55,CP3,EF,,Populus,tremuloides,Trembling_Aspen,,
05/24/2023,14:54,CP3,AF,,Populus,tremuloides,Trembling_Aspen,,
05/24/2023,15:07,CP3,RANDOM,,Alnus,incana,Grey alder,Y,
05/24/2023,13:40,CP5,EF,,Crataegus,chrysocarpa,fireberry hawthorn,Y,
05/24/2023,13:57,CP5,RANDOM,,Ulmus,,elm,Y,
05/24/2023,13:45,CP5,AF,,Crataegus,chrysocarpa,fireberry hawthorn,,
05/24/2023,14:42,CP7,AF,,Prunus,virginiana,chokecherry,Y,
05/24/2023,14:35,CP7,EF,,Lonicera,morrowii,morrow honeysuckle,Y,
05/24/2023,14:24,CP6,CAT.ADJ,,Populus,tremuloides,Trembling_Aspen,,dist 13 m
05/24/2023,14:20,CP6,CAT.F,,Prunus,virginiana,chokecherry,,
05/24/2023,14:02,CP6,AF,,Salix,bebbiana ,Bebb's willow,Y,
05/24/2023,14:00,CP6,EF,,Populus,tremuloides,Trembling_Aspen,,
05/25/2023,13:40,PS2,CAT.ADJ,,Spiraea,alba,white meadowsweet,,
05/25/2023,15:22,PS5,EF,,Populus,tremuloides,Trembling_Aspen,,
05/25/2023,15:00,PS4,CAT.ADJ,,Acer,,red maple,Y,
05/25/2023,14:57,PS4,CAT.F,,Populus,tremuloides,Trembling_Aspen,,
05/25/2023,15:21,PS5,AF,,Ulmus,americana,American elm,Y,
05/25/2023,12:36,PS1,EF,,Populus,tremuloides,Trembling_Aspen,,
05/25/2023,12:40,PS1,AF,,Populus,balsamifera,Balsam_Poplar,,
05/25/2023,13:40,PS2,CAT.F,,Populus,balsamifera,Balsam_Poplar,,
05/25/2023,13:28,PS2,AF,,Spiraea,alba,white meadowsweet,,
05/25/2023,12:59,PS1,RANDOM,,Viburnum ,lentago,nannyberry,inat suggested? Y need confirm,
05/25/2023,13:31,PS2,EF,,Populus,balsamifera,Balsam_Poplar,,
05/25/2023,15:40,PS5,RANDOM,,Spiraea,alba,white meadowsweet,,
05/25/2023,14:47,PS4,AF,,Spiraea,alba,white meadowsweet,,
05/25/2023,14:29,PS3,CAT.F,,Prunus,virginiana,chokecherry,Y,
05/25/2023,14:20,PS3,EF,,Crataegus,chrysocarpa,Hawthorns (fireberry),Y,
05/25/2023,14:33,PS3,CAT.ADJ,,Prunus,,black cherry,Y,
05/25/2023,14:50,PS4,EF,,Populus,tremuloides,Trembling_Aspen,,
05/25/2023,14:27,PS3,AF,,Prunus,virginiana,chokecherry,Y,
06/01/2023,9:41,NB1,AF,,Crataegus,chrysocarpa,fireberry hawthorn,,
06/01/2023,9:36,NB1,EF,,Prunus,serotina,Black cherry ,,
06/01/2023,9:43,NB1,CAT.F,,Prunus,serotina,Black cherry ,,
06/01/2023,9:48,NB1,CAT.ADJ,,Populus,balsamifera,Balsam_Poplar,,
06/01/2023,10:06,NB2,RANDOM,,Crataegus,chrysocarpa,fireberry hawthorn,,"AF had no leaves due to tent caterpillar nest, random shrub was sampled nearby instead"
06/01/2023,10:04,NB2,EF,,Prunus,serotina,Black cherry ,,
06/01/2023,10:18,NB2,CAT.F,,Prunus,serotina,Black cherry ,,
06/01/2023,10:21,NB2,CAT.ADJ,,Prunus,,,Y,
06/01/2023,10:35,NB3,EF,,Prunus,virginiana,chokecherry,,
06/01/2023,10:41,NB3,AF,,Acer ,rubrum,red maple,,
06/01/2023,10:50,NB3,CAT.ADJ,,Prunus,virginiana,Chokecherry,,
06/01/2023,10:45,NB3,CAT.F,,Prunus,serotina,Black cherry ,,
06/01/2023,8:54,NB5,AF,,Prunus,,,,black or choke??
06/01/2023,8:55,NB5,CAT.ADJ,,Populus ,tremuloides,Trembing aspen,,
06/01/2023,8:45,NB5,EF,,Prunus,serotina,Black cherry ,,
06/01/2023,8:45,NB5,CAT.F,,Prunus,serotina,Black cherry ,,
06/02/2023,12:51,PS1,CAT.ADJ,,Viburnum,,,,
06/02/2023,12:51,PS1,EF,,Populus,tremuloides,Trembling_Aspen,,
06/02/2023,12:49,PS1,CAT.F,,Salix ,candida,sageleaf willow,,
06/02/2023,12:55,PS1,AF,,Populus,balsamifera,Balsam_Poplar,,
06/02/2023,12:14,PS2,EF,,Populus,balsamifera,Balsam_Poplar,,
06/02/2023,12:16,PS2,AF,,Spiraea ,alba,White meadowsweet,,
06/02/2023,12:12,PS2,CAT.ADJ,,Ulmus ,,Elm,,
06/02/2023,12:07,PS2,CAT.F,,Prunus,,,,
06/02/2023,11:37,PS3,AF,,Prunus,virginiana,chokecherry,,
06/02/2023,11:37,PS3,EF,,Crataegus,chrysocarpa,Hawthorns (fireberry),,
06/02/2023,11:37,PS3,RANDOM,,,,,,iNat update needed
06/02/2023,11:45,PS4,CAT.ADJ,,Cornus ,sericea,Red osier dogwood,,
06/02/2023,11:38,PS4,EF,,Populus,tremuloides,Trembling_Aspen,,
06/02/2023,11:37,PS4,AF,,Spiraea,alba,white meadowsweet,,
06/02/2023,11:42,PS4,CAT.F,,Populus,tremuloides,Trembling_Aspen,,
06/02/2023,12:27,PS5,RANDOM,,Salix,lucida,Shining Willow,,
06/02/2023,12:15,PS5,EF,,Populus,tremuloides,Trembling_Aspen,,
06/02/2023,12:13,PS5,AF,,Ulmus,americana,American elm,,
06/03/2023,13:24,CP2,AF,,Ulmus ,americana,American elm,,
06/03/2023,13:22,CP2,CAT.F,,Prunus,,,,
06/03/2023,13:28,CP2,CAT.ADJ,,Crataegus,,Hawthorns,,
06/03/2023,13:28,CP2,EF,,Lonicera ,morrowii,Morrow's honeysuckle,,
06/03/2023,12:30,CP3,AF,,Populus,tremuloides,Trembling_Aspen,,
06/03/2023,12:30,CP3,RANDOM,,Populus,tremuloides,Trembling_Aspen,,
06/03/2023,12:30,CP3,EF,,Populus,tremuloides,Trembling_Aspen,,
06/03/2023,12:00,CP4,AF,,Crataegus,,Hawthorns,,
06/03/2023,11:58,CP4,RANDOM,,Populus,tremuloides,Trembling_Aspen,,
06/03/2023,12:00,CP4,EF,,Populus,tremuloides,Trembling_Aspen,,
06/03/2023,11:30,CP5,EF,,Crataegus,chrysocarpa,fireberry hawthorn,,
06/03/2023,11:30,CP5,AF,,Lonicera,,Honeysuckle,,
06/03/2023,11:30,CP5,CAT.F,,Crataegus,,Hawthorns,,
06/03/2023,11:30,CP5,CAT.ADJ,,Crataegus,,Hawthorns,,
06/03/2023,12:32,CP6,CAT.F,,Prunus,virginiana,Chokecherry,,
06/03/2023,11:53,CP6,AF,,Salix,bebbiana ,Bebb's willow,Y,
06/03/2023,12:10,CP6,CAT.ADJ,,Lonicera ,morrowii,Morrow's honeysuckle,,
06/03/2023,12:04,CP6,CAT.F,,Lonicera ,morrowii,Morrow's honeysuckle,,
06/03/2023,11:50,CP6,EF,,Populus,tremuloides,Trembling_Aspen,,
06/03/2023,12:39,CP7,CAT.ADJ,,Lonicera ,tatarica,Tatarian honeysuckle,,
06/03/2023,12:31,CP7,EF,,Lonicera,morrowii,morrow honeysuckle,,
06/03/2023,12:30,CP7,AF,,Prunus,virginiana,chokecherry,,
06/13/2023,10:40,NB1,CAT.ADJ,,Populus,balsamifera,Balsam_Poplar,,
06/13/2023,10:43,NB1,CAT.F,,Prunus,virginiana,Chokecherry,,
06/13/2023,10:50,NB1,AF,,Crataegus,chrysocarpa,fireberry hawthorn,,
06/13/2023,10:45,NB1,EF,,Prunus,serotina,Black cherry ,,
06/13/2023,12:00,NB2,AF,,,,,,Downy arrowood or prunus??????
06/13/2023,11:52,NB2,CAT.ADJ,,Rhus,aromatica,Fragrant sumac,,
06/13/2023,11:58,NB2,CAT.F,,Prunus,,,,
06/13/2023,12:03,NB2,EF,,Prunus,virginiana,chokecherry,,
06/13/2023,11:47,NB3,CAT.ADJ,,Populus,tremuloides,Trembling_Aspen,,
06/13/2023,11:13,NB3,CAT.F,,Prunus,,,,
06/13/2023,11:23,NB3,AF,,Acer ,rubrum,red maple,,
06/13/2023,11:31,NB3,EF,,Prunus,virginiana,chokecherry,,
06/13/2023,13:10,NB5,EF,,Prunus,serotina,Black cherry ,,
06/13/2023,13:08,NB5,CAT.F,,Prunus,,,,
06/13/2023,13:22,NB5,AF,,Prunus,,,,
06/13/2023,13:13,NB5,CAT.ADJ,,Populus,tremuloides,Trembling_Aspen,,
06/14/2023,12:27,PS1,RANDOM,,Populus,tremuloides,Trembling_Aspen,,
06/14/2023,12:31,PS1,AF,,Populus,balsamifera,Balsam_Poplar,,
06/14/2023,12:37,PS1,EF,,Populus,tremuloides,Trembling_Aspen,,
06/14/2023,13:18,PS2,EF,,Populus,balsamifera,Balsam_Poplar,,
06/14/2023,13:21,PS2,AF,,Spiraea,alba,white meadowsweet,,
06/14/2023,13:25,PS2,RANDOM,,Populus,balsamifera,Balsam_Poplar,,
06/14/2023,13:50,PS3,CAT.F,,Prunus,virginiana,chokecherry,,
06/14/2023,13:46,PS3,EF,,Crataegus,chrysocarpa,fireberry hawthorn,,
06/14/2023,13:29,PS3,AF,,Prunus,virginiana,chokecherry,,
06/14/2023,13:52,PS3,CAT.ADJ,,Prunus,virginiana,chokecherry,,
06/14/2023,14:11,PS4,EF,,Populus,tremuloides,Trembling_Aspen,,
06/14/2023,14:02,PS4,RANDOM,,Populus,tremuloides,Trembling_Aspen,,
06/14/2023,14:13,PS4,AF,,Spiraea,alba,white meadowsweet,,
06/14/2023,14:49,PS5,RANDOM,,Spiraea,alba,white meadowsweet,,
06/14/2023,14:41,PS5,EF,,Populus,tremuloides,Trembling_Aspen,,
06/14/2023,14:33,PS5,AF,,Ulmus,americana,American elm,,
06/15/2023,13:02,CP2,AF,,Ulmus ,pulmila,Siberian Elm,,
06/15/2023,13:08,CP2,EF,,Lonicera ,morrowii,Morrow's honeysuckle,,
06/15/2023,13:06,CP2,RANDOM,,Prunus,virginiana,chokecherry,,
06/15/2023,12:09,CP3,AF,,Populus,tremuloides,Trembling_Aspen,,
06/15/2023,12:07,CP3,EF,,Populus,tremuloides,Trembling_Aspen,,
06/15/2023,12:12,CP3,RANDOM,,Spiraea,alba,white meadowsweet,,
06/15/2023,11:37,CP4,AF,,Crataegus,chrysocarpa,fireberry hawthorn,,
06/15/2023,11:34,CP4,EF,,Populus,tremuloides,Trembling_Aspen,,
06/15/2023,11:40,CP4,RANDOM,,Ulmus ,americanus,American Elm,,
06/15/2023,10:52,CP5,EF,,Crataegus,chrysocarpa,fireberry hawthorn,,
06/15/2023,11:06,CP5,AF,,Lonicera,,Honeysuckle,,
06/15/2023,11:02,CP5,RANDOM,,Prunus,serotina,Black cherry ,,
06/15/2023,11:31,CP6,AF,,Salix,bebbiana ,Bebb's willow,,
06/15/2023,11:21,CP6,EF,,Populus,tremuloides,Trembling_Aspen,,
06/15/2023,11:25,CP6,RANDOM,,Populus,tremuloides,Trembling_Aspen,,
06/15/2023,12:05,CP7,EF,,Lonicera,morrowii,morrow honeysuckle,,
06/15/2023,12:10,CP7,AF,,Prunus,virginiana,chokecherry,,
06/15/2023,12:05,CP7,RANDOM,,Lonicera ,morrowii,Morrow's honeysuckle,,
06/19/2023,10:39,NB1,AF,,Crataegus,chrysocarpa,fireberry hawthorn,,
06/19/2023,10:36,NB1,EF,,Prunus,serotina,Black cherry ,,
06/19/2023,10:39,NB1,RANDOM,,Prunus,virginiana,chokecherry,,
06/19/2023,11:01,NB2,AF,,Prunus,,,,Downy arrowood or prunus??????
06/19/2023,10:54,NB2,EF,,Prunus,virginiana,chokecherry,,
06/19/2023,10:54,NB2,CAT.F,,Prunus,virginiana,chokecherry,,
06/19/2023,10:59,NB2,CAT.ADJ,,Populus,balsamifera,Balsam_Poplar,,
06/19/2023,11:06,NB3,AF,,Acer ,rubrum,red maple,,
06/19/2023,11:01,NB3,EF,,Prunus,virginiana,chokecherry,,
06/19/2023,11:04,NB3,RANDOM,,Prunus,virginiana,chokecherry,,
06/19/2023,10:01,NB5,EF,,Prunus,serotina,Black cherry ,,
06/19/2023,10:06,NB5,AF,,Prunus,virginiana,chokecherry,,
06/19/2023,10:00,NB5,RANDOM,,Prunus,virginiana,chokecherry,,
06/20/2023,11:20,PS1,AF,,Populus,balsamifera,Balsam_Poplar,,
06/20/2023,11:22,PS1,EF,,Populus,tremuloides,Trembling_Aspen,,
06/20/2023,11:22,PS1,RANDOM,,Sambucus ,racemosa ,Red elderberry,,
06/20/2023,11:39,PS2,EF,,Populus,balsamifera,Balsam_Poplar,,
06/20/2023,11:43,PS2,AF,,Spiraea,alba,white meadowsweet,,
06/20/2023,11:44,PS2,RANDOM,,Spiraea,alba,white meadowsweet,,
06/20/2023,12:03,PS3,EF,,Crataegus,chrysocarpa,fireberry hawthorn,,
06/20/2023,12:05,PS3,AF,,Prunus,virginiana,chokecherry,,
06/20/2023,12:07,PS3,RANDOM,,Rhus ,aromatica,Fragrant sumac,,
06/20/2023,12:25,PS4,EF,,Populus,tremuloides,Trembling_Aspen,,
06/20/2023,12:21,PS4,AF,,Spiraea,alba,white meadowsweet,,
06/20/2023,12:24,PS4,RANDOM,,Salix ,bebbiana ,Bebb's willow,,
06/20/2023,12:08,PS5,EF,,Populus,tremuloides,Trembling_Aspen,,
06/20/2023,12:09,PS5,AF,,Ulmus,americana,American elm,,
06/20/2023,12:10,PS5,RANDOM,,Spiraea,alba,white meadowsweet,,
06/21/2023,12:29,CP2,AF,,Ulmus ,americana,American elm,,
06/21/2023,12:29,CP2,EF,,Lonicera ,morrowii,Morrow's honeysuckle,,
06/21/2023,12:37,CP2,CAT.F,,Prunus,virginiana,chokecherry,,
06/21/2023,12:33,CP2,CAT.ADJ,,Prunus,serotina,Black cherry ,,
06/21/2023,12:00,CP3,AF,,Populus,tremuloides,Trembling_Aspen,,
06/21/2023,12:00,CP3,EF,,Populus,tremuloides,Trembling_Aspen,,
06/21/2023,12:00,CP3,RANDOM,,Ulmus ,americanus,American Elm,,
06/21/2023,11:27,CP4,AF,,Crataegus,chrysocarpa,fireberry hawthorn,,
06/21/2023,11:27,CP4,EF,,Populus,tremuloides,Trembling_Aspen,,
06/21/2023,11:25,CP4,CAT.ADJ,,Ulmus ,americanus,American Elm,,
06/21/2023,11:20,CP4,CAT.F,,Salix ,bebbiana ,Bebb's willow,Y,
06/21/2023,10:54,CP5,EF,,Crataegus,chrysocarpa,fireberry hawthorn,,
06/21/2023,11:03,CP5,AF,,Lonicera,,Honeysuckle,Y,might be Tatarian Homneysuckle --> Becka iNat
06/21/2023,10:58,CP5,RANDOM,,Rhus ,aromatica,Fragrant sumac,,
06/21/2023,11:13,CP6,AF,,Salix,bebbiana ,Bebb's willow,,
06/21/2023,11:12,CP6,EF,,Populus,tremuloides,Trembling_Aspen,,
06/21/2023,11:04,CP6,CAT.F,,Prunus,virginiana,chokecherry,,
06/21/2023,11:10,CP6,CAT.ADJ,,Rhus ,aromatica,Fragrant sumac,,
06/21/2023,11:38,CP7,EF,,Lonicera,morrowii,morrow honeysuckle,,
06/21/2023,11:41,CP7,AF,,Prunus,virginiana,chokecherry,,
06/21/2023,11:30,CP7,CAT.F,,Prunus,virginiana,chokecherry,,
06/21/2023,11:37,CP7,CAT.ADJ,,Lonicera ,morrowii,Morrow's honeysuckle,,
06/28/2023,10:12,NB1,AF,,Crataegus,chrysocarpa,fireberry hawthorn,,
06/28/2023,10:06,NB1,EF,,Prunus,serotina,Black cherry ,,
06/28/2023,10:04,NB1,CAT.F,,Prunus,virginiana,chokecherry,,
06/28/2023,10:06,NB1,CAT.ADJ,,Betula ,,birch ,,
06/28/2023,10:37,NB2,AF,,Prunus,,,,
06/28/2023,10:34,NB2,EF,,Prunus,virginiana,chokecherry,,
06/28/2023,10:40,NB2,RANDOM,,Populus,tremuloides,Trembling_Aspen,,
06/28/2023,10:54,NB3,AF,,Acer ,rubrum,red maple,,
06/28/2023,10:58,NB3,EF,,Prunus,virginiana,chokecherry,,
06/28/2023,10:58,NB3,RANDOM,,Prunus,virginiana,chokecherry,,
06/28/2023,11:51,NB5,EF,,Prunus,serotina,Black cherry ,,
06/28/2023,11:58,NB5,AF,,Prunus,virginiana,chokecherry,,
06/28/2023,12:00,NB5,RANDOM,,Populus,balsamifera,Balsam_Poplar,,
06/29/2023,11:50,PS1,AF,,Populus,balsamifera,Balsam_Poplar,,
06/29/2023,11:48,PS1,EF,,Populus,tremuloides,Trembling_Aspen,,
06/29/2023,11:43,PS1,CAT.F,,Viburnum ,rafinesqueanum,downy arrowwood,,
06/29/2023,11:52,PS1,CAT.ADJ,,Cornus,racemosa,Gray dogwood,,
06/29/2023,11:23,PS2,EF,,Populus,balsamifera,Balsam_Poplar,,
06/29/2023,11:26,PS2,AF,,Spiraea,alba,white meadowsweet,,
06/29/2023,11:16,PS2,CAT.F,,Prunus,pensylvania,Fire cherry,,
06/29/2023,11:20,PS2,CAT.ADJ,,Viburnum ,rafinesqueanum,downy arrowwood,,
06/29/2023,10:03,PS3,EF,,Crataegus,chrysocarpa,fireberry hawthorn,,
06/29/2023,10:00,PS3,AF,,Prunus,virginiana,chokecherry,,
06/29/2023,10:00,PS3,CAT.F,,Prunus,virginiana,chokecherry,,
06/29/2023,10:00,PS3,CAT.ADJ,,Rhus ,aromatica,Fragrant sumac,,
06/29/2023,10:21,PS4,EF,,Populus,tremuloides,Trembling_Aspen,,
06/29/2023,10:18,PS4,AF,,Spiraea,alba,white meadowsweet,,
06/29/2023,10:25,PS4,RANDOM,,Spiraea,alba,white meadowsweet,,
06/29/2023,10:41,PS5,EF,,Populus,tremuloides,Trembling_Aspen,,
06/29/2023,10:39,PS5,AF,,Ulmus,americana,American elm,,
06/29/2023,,PS5,RANDOM,,,,,,Missing sample
07/04/2023,10:08,NB1,AF,,Crataegus,chrysocarpa,fireberry hawthorn,,
07/04/2023,10:07,NB1,EF,,Prunus,serotina,Black cherry ,,
07/04/2023,10:03,NB1,RANDOM,,Crataegus,,hawthorn,,
07/04/2023,10:26,NB2,AF,,Prunus,,,,maybe hawthorn???
07/04/2023,10:20,NB2,EF,,Prunus,virginiana,chokecherry,,
07/04/2023,10:29,NB2,RANDOM,,Populus,tremuloides,Trembling_Aspen,,
07/04/2023,10:54,NB3,AF,,Acer ,rubrum,red maple,,
07/04/2023,10:46,NB3,EF,,Prunus,virginiana,chokecherry,,
07/04/2023,10:46,NB3,RANDOM,,Rhus ,aromatica,Fragrant sumac,,
07/04/2023,11:36,NB5,EF,,Prunus,serotina,Black cherry ,,
07/04/2023,11:34,NB5,AF,,Prunus,virginiana,chokecherry,,
07/04/2023,11:39,NB5,RANDOM,,Populus,tremuloides,Trembling_Aspen,,
07/05/2023,12:14,PS1,AF,,Populus,balsamifera,Balsam_Poplar,,
07/05/2023,12:14,PS1,EF,,Populus,tremuloides,Trembling_Aspen,,
07/05/2023,12:14,PS1,RANDOM,,Sambucus ,racemosa ,Red elderberry,,
07/05/2023,12:39,PS2,EF,,Populus,balsamifera,Balsam_Poplar,,
07/05/2023,12:40,PS2,AF,,Spiraea,alba,white meadowsweet,,
07/05/2023,12:42,PS2,RANDOM,,Fraxinus,,Ash,Y,Becka iNat
07/05/2023,13:06,PS3,EF,,Crataegus,chrysocarpa,fireberry hawthorn,,
07/05/2023,13:01,PS3,AF,,Prunus,virginiana,chokecherry,,
07/05/2023,13:01,PS3,RANDOM,,Viburnams,,,Y,Becka iNat
07/05/2023,,PS4,,,,,,,data not collected due to extreme heat
07/05/2023,,PS5,,,,,,,data not collected due to extreme heat
07/06/2023,,CP2,AF,,Ulmus ,americana,American elm,,
07/06/2023,,CP2,EF,,Lonicera ,morrowii,Morrow's honeysuckle,,
07/06/2023,,CP2,RANDOM,,Ulmus ,americana,American elm,,
07/06/2023,12:22,CP3,AF,,Populus,tremuloides,Trembling_Aspen,,
07/06/2023,12:19,CP3,EF,,Populus,tremuloides,Trembling_Aspen,,
07/06/2023,12:22,CP3,RANDOM,,Salix ,lucida,Shining willow,,
07/06/2023,12:29,CP4,AF,,Crataegus,chrysocarpa,fireberry hawthorn,,
07/06/2023,12:27,CP4,EF,,Populus,tremuloides,Trembling_Aspen,,
07/06/2023,12:41,CP4,RANDOM,,Populus,tremuloides,Trembling_Aspen,,
07/06/2023,12:04,CP5,EF,,Crataegus,chrysocarpa,fireberry hawthorn,,
07/06/2023,12:00,CP5,AF,,Lonicera,,Honeysuckle,,
07/06/2023,12:06,CP5,RANDOM,,Rhus ,aromatica,Fragrant sumac,,
07/06/2023,11:03,CP6,AF,,Salix,bebbiana ,Bebb's willow,,
07/06/2023,10:56,CP6,EF,,Populus,tremuloides,Trembling_Aspen,,
07/06/2023,10:58,CP6,RANDOM,,Populus,tremuloides,Trembling_Aspen,,data missing
07/06/2023,10:39,CP7,EF,,Lonicera,morrowii,morrow honeysuckle,,
07/06/2023,10:40,CP7,AF,,Prunus,virginiana,chokecherry,,
07/06/2023,10:37,CP7,RANDOM,,Lonicera,,Honeysuckle,,
07/16/2023,12:16,PS2,RANDOM,,Populus,balsamifera,Balsam_Poplar,,
07/17/2023,10:06,NB1,AF,,Crataegus,chrysocarpa,fireberry hawthorn,,
07/17/2023,10:03,NB1,EF,,Prunus,serotina,Black cherry ,,
07/17/2023,10:10,NB1,RANDOM,,Rhus ,aromatica,Fragrant sumac,,
07/17/2023,10:50,NB2,AF,,Prunus,,,,Downy arrowood or prunus??????
07/17/2023,10:24,NB2,EF,,Prunus,virginiana,chokecherry,,
07/17/2023,10:28,NB2,RANDOM,,Prunus,virginiana,chokecherry,,
07/17/2023,10:55,NB3,AF,,Acer ,rubrum,red maple,,
07/17/2023,11:00,NB3,EF,,Prunus,virginiana,chokecherry,,
07/17/2023,11:01,NB3,RANDOM,,Prunus,virginiana,chokecherry,,
07/17/2023,11:47,NB5,EF,,Prunus,serotina,Black cherry ,,
07/17/2023,11:52,NB5,AF,,Prunus,virginiana,chokecherry,,
07/17/2023,11:51,NB5,RANDOM,,Populus,tremuloides,Trembling_Aspen,,
07/17/2023,12:16,PS2,AF,,Spiraea,alba,white meadowsweet,,
07/18/2023,12:14,PS2,EF,,Populus,balsamifera,Balsam_Poplar,,
07/18/2023,11:28,PS4,RANDOM,,Populus,tremuloides,Trembling_Aspen,,
07/18/2023,11:24,PS4,EF,,Populus,tremuloides,Trembling_Aspen,,
07/18/2023,11:22,PS4,AF,,Spiraea,alba,white meadowsweet,,
07/18/2023,11:48,PS5,EF,,Populus,tremuloides,Trembling_Aspen,,
07/18/2023,11:50,PS5,AF,,Ulmus,americana,American elm,,
07/18/2023,11:49,PS5,RANDOM,,Prunus,virginiana,chokecherry,,
07/18/2023,11:02,PS3,EF,,Crataegus,chrysocarpa,fireberry hawthorn,,
07/18/2023,10:59,PS3,AF,,Prunus,virginiana,chokecherry,,
07/18/2023,11:08,PS3,CAT.ADJ,,Prunus,virginiana,chokecherry,,
07/18/2023,11:04,PS3,CAT.F,,Prunus,virginiana,chokecherry,,
07/19/2023,11:45,CP3,AF,,Populus,tremuloides,Trembling_Aspen,,
07/19/2023,11:48,CP3,EF,,Populus,tremuloides,Trembling_Aspen,,
07/19/2023,11:50,CP3,RANDOM,,Alnus,icana,Grey_Alder,,
07/19/2023,12:06,CP4,AF,,Crataegus,chrysocarpa,fireberry hawthorn,,
07/19/2023,12:05,CP4,EF,,Populus,tremuloides,Trembling_Aspen,,
07/19/2023,12:08,CP4,RANDOM,,Populus,tremuloides,Trembling_Aspen,,
07/19/2023,11:45,CP5,AF,,Lonicera,,Honeysuckle,,
07/19/2023,11:38,CP5,EF,,Crataegus,chrysocarpa,fireberry hawthorn,,
07/19/2023,11:41,CP5,RANDOM,,Rhus,aromatica,Fragrant sumac,,
07/19/2023,10:39,CP6,AF,,Salix,bebbiana ,Bebb's willow,,
07/19/2023,10:48,CP6,RANDOM,,Populus,tremuloides,Trembling_Aspen,,
07/19/2023,10:21,CP7,AF,,Prunus,virginiana,chokecherry,,
07/19/2023,10:22,CP7,EF,,Lonicera,morrowii,morrow honeysuckle,,
07/19/2023,10:29,CP7,RANDOM,,Prunus,virginiana,chokecherry,,
07/24/2023,11:17,NB2,RANDOM,,Populus,tremuloides,Trembling_Aspen,,
07/24/2023,11:18,NB2,AF,,Prunus,virginiana,chokecherry,,
07/24/2023,11:13,NB2,EF,,Prunus,virginiana,chokecherry,,
07/24/2023,11:34,NB3,RANDOM,,Rhus,aromatica,fragrant sumac,,
07/24/2023,11:36,NB3,AF,,Acer ,rubrum,red maple,,
07/24/2023,11:32,NB3,EF,,Prunus,virginiana,chokecherry,,
07/24/2023,10:12,NB5,RANDOM,,Prunus,,cherry,,
07/24/2023,10:12,NB5,AF,,Prunus,virginiana,chokecherry,,
07/24/2023,10:12,NB5,EF,,Prunus,serotina,Black cherry ,,
07/24/2023,10:55,NB1,RANDOM,,Prunus,serotina,Black cherry ,,observer sounds unsure of species
07/24/2023,10:58,NB1,AF,,Crataegus,chrysocarpa,fireberry hawthorn,,
07/24/2023,10:50,NB1,EF,,Prunus,serotina,Black cherry ,,
07/25/2023,13:19,PS5,RANDOM,,Ulmus,americana,American elm,,
07/25/2023,13:19,PS5,AF,,Ulmus,americana,American elm,,
07/25/2023,13:19,PS5,EF,,Populus,tremuloides,Trembling_Aspen,,
07/25/2023,12:43,PS3,CAT.F,,Prunus,virginiana,chokecherry,,
07/25/2023,12:43,PS3,CAT.ADJ,,Rhus,aromatica,fragrant sumac,,
07/25/2023,12:43,PS3,AF,,Prunus,virginiana,chokecherry,,
07/25/2023,12:43,PS3,EF,,Crataegus,chrysocarpa,fireberry hawthorn,,
07/25/2023,13:04,PS4,RANDOM,,Spiraea,alba,white meadowsweet,,
07/25/2023,13:04,PS4,AF,,Spiraea,alba,white meadowsweet,,
07/25/2023,13:04,PS4,EF,,Populus,tremuloides,Trembling_Aspen,,
07/25/2023,11:49,PS1,RANDOM,,Prunus,,Cherry,,
07/25/2023,11:49,PS1,AF,,Populus,balsamifera,Balsam_Poplar,,
07/25/2023,11:49,PS1,EF,,Populus,tremuloides,Trembling_Aspen,,
07/25/2023,12:24,PS2,RANDOM,,Ulmus,americana,American elm,,
07/25/2023,12:24,PS2,AF,,Spiraea,alba,white meadowsweet,,
07/25/2023,12:24,PS2,EF,,Populus,balsamifera,Balsam_Poplar,,
07/26/2023,11:32,CP6,RANDOM,,Populus,tremuloides,Trembling_Aspen,,
07/26/2023,11:32,CP6,AF,,Salix,bebbiana ,Bebb's willow,,
07/26/2023,11:32,CP6,EF,,Populus,tremuloides,Trembling_Aspen,,
07/26/2023,11:55,CP7,RANDOM,,Rhus,aromatica,fragrant sumac,,
07/26/2023,11:59,CP7,AF,,Prunus,virginiana,chokecherry,,
07/26/2023,11:55,CP7,EF,,Lonicera,morrowii,morrow honeysuckle,,
07/26/2023,12:40,CP2,RANDOM,,Lonicera ,morrowii,Morrow's honeysuckle,,
07/26/2023,12:35,CP2,AF,,Ulmus ,americana,American elm,,
07/26/2023,12:40,CP2,EF,,Lonicera ,morrowii,Morrow's honeysuckle,,
07/31/2023,10:56,NB3,RANDOM,,Rhus,aromatica,Fragrant sumac,,
07/31/2023,10:59,NB3,AF,,Acer ,rubrum,red maple,,
07/31/2023,10:54,NB3,EF,,Prunus,virginiana,chokecherry,,
07/31/2023,10:37,NB2,RANDOM,,Populus,tremuloides,Trembling_Aspen,,
07/31/2023,10:37,NB2,AF,,Prunus,virginiana,chokecherry,,
07/31/2023,10:37,NB2,EF,,Prunus,virginiana,chokecherry,,
07/31/2023,10:11,NB1,CAT.F,,Crataegus,chrysocarpa,fireberry hawthorn,,
07/31/2023,10:11,NB1,CAT.ADJ,,Prunus,serotina,Black cherry,,
07/31/2023,10:18,NB1,AF,,Crataegus,chrysocarpa,fireberry hawthorn,,
07/31/2023,10:24,NB1,EF,,Prunus,serotina,Black cherry ,,
07/31/2023,9:34,NB5,RANDOM,,Prunus,virginiana,chokecherry,,
07/31/2023,9:34,NB5,AF,,Prunus,virginiana,chokecherry,,
07/31/2023,9:34,NB5,EF,,Prunus,serotina,Black cherry ,,
08/01/2023,12:40,PS4,RANDOM,,Spiraea,alba,white meadowsweet,,
08/01/2023,12:40,PS4,AF,,Spiraea,alba,white meadowsweet,,
08/01/2023,12:40,PS4,EF,,Populus,tremuloides,Trembling_Aspen,,
08/01/2023,11:33,PS1,RANDOM,,Populus,tremuloides,Trembling_Aspen,,
08/01/2023,11:31,PS1,AF,,Populus,balsamifera,Balsam_Poplar,,
08/01/2023,11:31,PS1,EF,,Populus,tremuloides,Trembling_Aspen,,
08/01/2023,12:57,PS5,RANDOM,,Ulmus,americana,American elm,,
08/01/2023,12:56,PS5,AF,,Ulmus,americana,American elm,,
08/01/2023,12:59,PS5,EF,,Populus,tremuloides,Trembling_Aspen,,
08/01/2023,12:19,PS3,CAT.F,,Prunus,virginiana,chokecherry,,
08/01/2023,12:02,PS3,CAT.ADJ,,Rhus,aromatica,fragrant sumac,,
08/01/2023,12:19,PS3,AF,,Prunus,virginiana,chokecherry,,
08/01/2023,12:26,PS3,EF,,Crataegus,chrysocarpa,fireberry hawthorn,,
08/01/2023,11:52,PS2,CAT.F,,Populus,balsamifera,Balsam_Poplar,,
08/01/2023,11:49,PS2,CAT.ADJ,,Salix,bebbiana ,Bebb's willow,,
08/01/2023,11:50,PS2,AF,,Spiraea,alba,white meadowsweet,,
08/01/2023,12:02,PS2,EF,,Populus,balsamifera,Balsam_Poplar,,
08/02/2023,13:09,CP2,RANDOM,,Crataegus,chrysocarpa,fireberry hawthorn,,
08/02/2023,13:09,CP2,AF,,Ulmus ,americana,American elm,,
08/02/2023,13:09,CP2,EF,,Lonicera ,morrowii,Morrow's honeysuckle,,
08/02/2023,12:17,CP4,RANDOM,,Salix,,Willow,,Bebb's?
08/02/2023,12:14,CP4,AF,,Crataegus,chrysocarpa,fireberry hawthorn,,
08/02/2023,12:12,CP4,EF,,Populus,tremuloides,Trembling_Aspen,,
08/02/2023,12:35,CP3,RANDOM,,Salix,,Willow,,
08/02/2023,12:35,CP3,AF,,Populus,tremuloides,Trembling_Aspen,,
08/02/2023,12:32,CP3,EF,,Populus,tremuloides,Trembling_Aspen,,
08/02/2023,10:55,CP7,RANDOM,,Rhus,aromatica,fragrant sumac,,
08/02/2023,10:56,CP7,AF,,Prunus,virginiana,chokecherry,,
08/02/2023,10:54,CP7,EF,,Lonicera,morrowii,morrow honeysuckle,,
08/02/2023,11:14,CP6,CAT.F,,Populus,tremuloides,Trembling_Aspen,,
08/02/2023,11:15,CP6,CAT.ADJ,,Populus,tremuloides,Trembling_Aspen,,
08/02/2023,11:24,CP6,AF,,Salix,bebbiana ,Bebb's willow,,
08/02/2023,11:21,CP6,EF,,Populus,tremuloides,Trembling_Aspen,,
08/15/2023,11:21,NB3,RANDOM,,Populus,tremuloides,trembling_Aspen,,
08/15/2023,11:31,NB3,AF,,Acer ,rubrum,red maple,,
08/15/2023,11:25,NB3,EF,,Prunus,virginiana,chokecherry,,
08/15/2023,11:06,NB2,RANDOM,,Rhus,aromatica,fragrant sumac,,
08/15/2023,11:06,NB2,AF,,Prunus,virginiana,chokecherry,,
08/15/2023,11:08,NB2,EF,,Prunus,virginiana,chokecherry,,
08/15/2023,10:41,NB1,RANDOM,,Prunus,serotina,Black cherry,,
08/15/2023,10:41,NB1,AF,,Crataegus,chrysocarpa,fireberry hawthorn,,
08/15/2023,10:41,NB1,EF,,Prunus,serotina,Black cherry ,,
08/15/2023,9:54,NB5,RANDOM,,Prunus,serotina,Black cherry,,
08/15/2023,10:03,NB5,AF,,Prunus,virginiana,chokecherry,,
08/15/2023,9:54,NB5,EF,,Prunus,serotina,Black cherry ,,
08/16/2023,12:40,PS4,RANDOM,,Populus,tremuloides,Trembling_Aspen,,
08/16/2023,12:40,PS4,AF,,Spiraea,alba,white meadowsweet,,
08/16/2023,12:40,PS4,EF,,Populus,tremuloides,Trembling_Aspen,,
08/16/2023,12:26,PS3,RANDOM,,Rhus,aromatica,fragrant sumac,,
08/16/2023,12:26,PS3,AF,,Prunus,virginiana,chokecherry,,
08/16/2023,12:26,PS3,EF,,Crataegus,chrysocarpa,fireberry hawthorn,,
08/16/2023,11:46,PS1,RANDOM,,Rhus,aromatica,fragrant sumac,,
08/16/2023,11:46,PS1,AF,,Populus,balsamifera,Balsam_Poplar,,
08/16/2023,11:48,PS1,EF,,Populus,tremuloides,Trembling_Aspen,,
08/16/2023,12:10,PS2,RANDOM,,Spiraea,alba,white meadowsweet,,
08/16/2023,12:14,PS2,AF,,Spiraea,alba,white meadowsweet,,
08/16/2023,12:10,PS2,EF,,Populus,balsamifera,Balsam_Poplar,,
08/17/2023,10:21,CP5,RANDOM,,Crataegus,chrysocarpa,fireberry hawthorn,,
08/17/2023,10:24,CP5,AF,,Lonicera,,Honeysuckle,,
08/17/2023,10:24,CP5,EF,,Crataegus,chrysocarpa,fireberry hawthorn,,
08/17/2023,11:26,CP3,RANDOM,,Salix,,Willow,,
08/17/2023,11:22,CP3,AF,,Populus,tremuloides,Trembling_Aspen,,
08/17/2023,11:22,CP3,EF,,Populus,tremuloides,Trembling_Aspen,,
08/17/2023,10:46,CP4,RANDOM,,Salix,,Willow,,
08/17/2023,10:46,CP4,AF,,Crataegus,chrysocarpa,fireberry hawthorn,,
08/17/2023,10:46,CP4,EF,,Populus,tremuloides,Trembling_Aspen,,
08/21/2023,10:11,NB5,RANDOM,,Populus,tremuloides,Trembling_Aspen,,
08/21/2023,10:00,NB5,AF,,Prunus,virginiana,chokecherry,,
08/21/2023,10:00,NB5,EF,,Prunus,serotina,Black cherry ,,
08/21/2023,11:29,NB3,RANDOM,,Prunus,virginiana,chokecherry,,
08/21/2023,11:24,NB3,EF,,Prunus,virginiana,chokecherry,,leaves are red and yellow
08/21/2023,11:22,NB3,AF,,Acer ,rubrum,red maple,,
08/21/2023,11:06,NB2,RANDOM,,Prunus,virginiana,chokecherry,,
08/21/2023,11:00,NB2,AF,,Prunus,virginiana,chokecherry,,
08/21/2023,11:02,NB2,EF,,Prunus,virginiana,chokecherry,,
08/21/2023,10:38,NB1,RANDOM,,Prunus,serotina,Black cherry,,
08/21/2023,10:40,NB1,AF,,Crataegus,chrysocarpa,fireberry hawthorn,,
08/21/2023,10:35,NB1,EF,,Prunus,serotina,Black cherry ,,
08/22/2023,10:55,PS1,AF,,Populus,balsamifera,Balsam_Poplar,,
08/22/2023,11:26,PS2,EF,,Populus,balsamifera,Balsam_Poplar,,
08/22/2023,11:26,PS2,AF,,Spiraea,alba,white meadowsweet,,
08/22/2023,11:30,PS2,RANDOM,,Fraxinus ,americana,White ash,,
08/22/2023,10:53,PS1,EF,,Populus,tremuloides,Trembling_Aspen,,
08/22/2023,12:15,PS4,RANDOM,,Populus,tremuloides,Trembling_Aspen,,
08/22/2023,10:56,PS1,RANDOM,,Populus,tremuloides,Trembling_Aspen,,
08/22/2023,12:13,PS4,EF,,Populus,tremuloides,Trembling_Aspen,,
08/22/2023,12:14,PS4,AF,,Spiraea,alba,white meadowsweet,,
08/22/2023,11:50,PS3,AF,,Prunus,virginiana,chokecherry,,
08/22/2023,11:54,PS3,EF,,Crataegus,chrysocarpa,fireberry hawthorn,,
08/22/2023,11:56,PS3,RANDOM,,Rhus,aromatica,Fragrant sumac,,
08/23/2023,12:12,CP3,RANDOM,,Ulmus,americana,American elm,,
08/23/2023,12:08,CP3,EF,,Populus,tremuloides,Trembling_Aspen,,
08/23/2023,12:09,CP3,AF,,Populus,tremuloides,Trembling_Aspen,,
08/23/2023,11:56,CP4,RANDOM,,Populus,tremuloides,Trembling_Aspen,,
08/23/2023,11:50,CP4,EF,,Populus,tremuloides,Trembling_Aspen,,
08/23/2023,11:51,CP4,AF,,Crataegus,chrysocarpa,fireberry hawthorn,,
08/23/2023,11:40,CP5,RANDOM,,Rhus,aromatica,Fragrant sumac,,
08/23/2023,11:34,CP5,AF,,Lonicera,,Honeysuckle,,
08/23/2023,11:31,CP5,EF,,Crataegus,chrysocarpa,fireberry hawthorn,,
08/23/2023,10:40,CP6,RANDOM,,Populus,tremuloides,Trembling_Aspen,,
08/23/2023,10:37,CP6,AF,,Salix,bebbiana ,Bebb's willow,,
08/23/2023,10:33,CP6,EF,,Populus,tremuloides,Trembling_Aspen,,
08/23/2023,10:51,CP7,RANDOM,,Prunus,serotina,Black cherry,,
08/23/2023,10:55,CP7,AF,,Prunus,virginiana,chokecherry,,
08/23/2023,10:57,CP7,EF,,Lonicera,morrowii,morrow honeysuckle,,
09/11/2023,10:12,NB1,RANDOM,,Alnus,incana,Grey_Alder,,
09/11/2023,10:15,NB1,AF,,Crataegus,chrysocarpa,fireberry hawthorn,,
09/11/2023,10:08,NB1,EF,,Prunus,serotina,Black cherry ,,
09/11/2023,9:28,NB5,RANDOM,,Lonicera ,morrowii,Morrow's honeysuckle,,
09/11/2023,9:34,NB5,AF,,Prunus,virginiana,chokecherry,,
09/11/2023,9:26,NB5,EF,,Prunus,serotina,Black cherry ,,
09/11/2023,11:12,NB3,RANDOM,,Rhus,aromatica,fragrant sumac,,
09/11/2023,11:17,NB3,AF,,Acer ,rubrum,red maple,,
09/11/2023,11:15,NB3,EF,,Prunus,virginiana,chokecherry,,
09/11/2023,10:44,NB2,CAT.F,,Populus,tremuloides,Trembling_Aspen,,
09/11/2023,10:46,NB2,CAT.ADJ,,Prunus,serotina,Black cherry,,
09/11/2023,10:55,NB2,AF,,Prunus,virginiana,chokecherry,,
09/11/2023,10:53,NB2,EF,,Prunus,virginiana,chokecherry,,
09/13/2023,10:19,PS3,RANDOM,,Rhus,aromatica,fragrant sumac,,
09/13/2023,10:19,PS3,AF,,Prunus,virginiana,chokecherry,,
09/13/2023,10:24,PS3,EF,,Crataegus,chrysocarpa,fireberry hawthorn,,
09/13/2023,10:37,PS4,RANDOM,,Salix,petiolaris,Meadow willow,,
09/13/2023,10:42,PS4,AF,,Spiraea,alba,white meadowsweet,,
09/13/2023,10:41,PS4,EF,,Populus,tremuloides,Trembling_Aspen,,
09/13/2023,9:57,PS2,RANDOM,,Salix,petiolaris,Meadow willow,,envelope empty
09/13/2023,10:00,PS2,AF,,Spiraea,alba,white meadowsweet,,
09/13/2023,9:54,PS2,EF,,Populus,balsamifera,Balsam_Poplar,,
09/13/2023,9:21,PS1,RANDOM,,Populus,tremuloides,Trembling_Aspen,,
09/13/2023,9:21,PS1,AF,,Populus,balsamifera,Balsam_Poplar,,
09/13/2023,9:21,PS1,EF,,Populus,tremuloides,Trembling_Aspen,,
09/14/2023,11:03,CP5,CAT.F,,Fraxinus ,americana,White ash,,
09/14/2023,11:04,CP5,CAT.ADJ,,Fraxinus ,americana,White ash,,
09/14/2023,11:13,CP5,AF,,Lonicera,,Honeysuckle,,
09/14/2023,11:15,CP5,EF,,Crataegus,chrysocarpa,fireberry hawthorn,,
09/14/2023,11:37,CP4,RANDOM,,Salix,bebbiana ,Bebb's willow,,
09/14/2023,11:40,CP4,AF,,Crataegus,chrysocarpa,fireberry hawthorn,,
09/14/2023,11:39,CP4,EF,,Populus,tremuloides,Trembling_Aspen,,
09/14/2023,12:00,CP3,RANDOM,,Salix,bebbiana ,Bebb's willow,,
09/14/2023,12:04,CP3,AF,,Populus,tremuloides,Trembling_Aspen,,
09/14/2023,12:03,CP3,EF,,Populus,tremuloides,Trembling_Aspen,,
09/14/2023,10:15,CP7,RANDOM,,Lonicera,,honeysuckle,,
09/14/2023,10:18,CP7,AF,,Prunus,virginiana,chokecherry,,
09/14/2023,10:12,CP7,EF,,Lonicera,morrowii,morrow honeysuckle,,
09/19/2023,10:55,NB1,RANDOM,,Betula,papyrifera,Paper birch,,
09/19/2023,10:49,NB1,AF,,Crataegus,chrysocarpa,fireberry hawthorn,,
09/19/2023,10:58,NB1,EF,,Prunus,serotina,Black cherry ,,
09/19/2023,11:10,NB2,RANDOM,,Rhus,aromatica,fragrant sumac,,
09/19/2023,11:12,NB2,AF,,Prunus,virginiana,chokecherry,,
09/19/2023,11:14,NB2,EF,,Prunus,virginiana,chokecherry,,
09/19/2023,11:35,NB3,RANDOM,,Rhus,aromatica,fragrant sumac,,
09/19/2023,11:38,NB3,AF,,Acer ,rubrum,red maple,,
09/19/2023,11:41,NB3,EF,,Prunus,virginiana,chokecherry,,
09/19/2023,10:09,NB5,RANDOM,,Prunus,virginiana,chokecherry,,
09/19/2023,10:14,NB5,AF,,Prunus,virginiana,chokecherry,,
09/19/2023,10:11,NB5,EF,,Prunus,serotina,Black cherry ,,
09/20/2023,10:28,PS1,RANDOM,,Cornus,racemosa,Grey dogwood,,
09/20/2023,10:37,PS1,AF,,Populus,balsamifera,Balsam_Poplar,,
09/20/2023,10:24,PS1,EF,,Populus,tremuloides,Trembling_Aspen,,
09/20/2023,11:31,PS3,RANDOM,,Cornus,racemosa,Grey dogwood,,
09/20/2023,11:36,PS3,AF,,Prunus,virginiana,chokecherry,,
09/20/2023,11:32,PS3,EF,,Crataegus,chrysocarpa,fireberry hawthorn,,
09/20/2023,11:55,PS4,RANDOM,,Salix,,Willow,,pussy willow?
09/20/2023,11:54,PS4,AF,,Spiraea,alba,white meadowsweet,,
09/20/2023,12:00,PS4,EF,,Populus,tremuloides,Trembling_Aspen,,
09/20/2023,11:06,PS2,RANDOM,,Populus,balsamifera,Balsam_Poplar,,missing EF sample
09/20/2023,11:10,PS2,AF,,Spiraea,alba,white meadowsweet,,missing EF sample
09/21/2023,10:07,CP7,RANDOM,,Populus,tremuloides,Trembling_Aspen,,
09/21/2023,10:09,CP7,AF,,Prunus,virginiana,chokecherry,,
09/21/2023,10:04,CP7,EF,,Lonicera,morrowii,morrow honeysuckle,,
09/21/2023,10:53,CP5,RANDOM,,Prunus,virginiana,chokecherry,,
09/21/2023,10:58,CP5,AF,,Lonicera,,Honeysuckle,,
09/21/2023,10:55,CP5,EF,,Crataegus,chrysocarpa,fireberry hawthorn,,
09/21/2023,11:14,CP4,RANDOM,,Populus,tremuloides,Trembling_Aspen,,
09/21/2023,11:16,CP4,AF,,Crataegus,chrysocarpa,fireberry hawthorn,,
09/21/2023,11:12,CP4,EF,,Populus,tremuloides,Trembling_Aspen,,
09/21/2023,11:32,CP3,RANDOM,,Salix,,Willow,,
09/21/2023,11:35,CP3,AF,,Populus,tremuloides,Trembling_Aspen,,
09/21/2023,11:30,CP3,EF,,Populus,tremuloides,Trembling_Aspen,,
09/21/2023,12:00,CP2,RANDOM,,Rhus,aromatica,fragrant sumac,,
09/21/2023,12:07,CP2,AF,,Ulmus ,americana,American elm,,
09/21/2023,12:10,CP2,EF,,Lonicera ,morrowii,Morrow's honeysuckle,,
09/25/2023,10:27,NB1,AF,,Crataegus,chrysocarpa,fireberry hawthorn,,
09/25/2023,10.29,NB1,EF,,Prunus,serotina,Black cherry ,,
09/25/2023,10.33,NB1,RANDOM,,Viburnum,rafinesqueanum,Downy Arrowwood,,
09/25/2023,10:54,NB2,AF,,Prunus,virginiana,chokecherry,,
09/25/2023,10:51,NB2,EF,,Prunus,virginiana,chokecherry,,
09/25/2023,10:50,NB2,RANDOM,,Prunus,serotina,Black Cherry,,
09/25/2023,11:15,NB3,AF,,Acer ,rubrum,red maple,,
09/25/2023,11:09,NB3,EF,,Prunus,virginiana,chokecherry,,
09/25/2023,11:12,NB3,RANDOM,,Prunus,virginiana,chokecherry,,
09/25/2023,9:46,NB5,AF,,Prunus,virginiana,chokecherry,,
09/25/2023,9:39,NB5,EF,,Prunus,serotina,Black cherry ,,
09/25/2023,9:43,NB5,RANDOM,,Prunus,serotina,Black cherry ,,
09/26/2023,12:08,PS1,RANDOM,,Fraxinus ,alba,White ash,,
09/26/2023,12:03,PS1,AF,,Populus,balsamifera,Balsam_Poplar,,
09/26/2023,12:05,PS1,EF,,Populus,tremuloides,Trembling_Aspen,,
09/26/2023,13:21,PS2,RANDOM,,Populus,balsamifera,Balsam_Poplar,,
09/26/2023,13:19,PS2,AF,,Spiraea,alba,white meadowsweet,,
09/26/2023,13:18,PS2,EF,,Populus,balsamifera,Balsam_Poplar,,
09/26/2023,12:36,PS3,RANDOM,,Rhus,aromatica,fragrant sumac,,
09/26/2023,12:38,PS3,AF,,Prunus,virginiana,chokecherry,,
09/26/2023,12:40,PS3,EF,,Crataegus,chrysocarpa,fireberry hawthorn,,
09/26/2023,12:51,PS4,RANDOM,,Populus,balsamifera,Balsam_Poplar,,
09/26/2023,12:53,PS4,AF,,Spiraea,alba,white meadowsweet,,
09/26/2023,12:55,PS4,EF,,Populus,tremuloides,Trembling_Aspen,,
09/27/2023,11:36,CP7,RANDOM,,Cornus,racemosa,Grey dogwood,,
09/27/2023,11:34,CP7,AF,,Prunus,virginiana,chokecherry,,
09/27/2023,11:31,CP7,EF,,Lonicera,morrowii,morrow honeysuckle,,
09/27/2023,12:25,CP5,RANDOM,,Ostrya,virginiana,Ironwood,,
09/27/2023,12:23,CP5,AF,,Lonicera,,Honeysuckle,,
09/27/2023,12:22,CP5,EF,,Crataegus,chrysocarpa,fireberry hawthorn,,
09/27/2023,12:47,CP4,RANDOM,,Populus,tremuloides,Trembling_Aspen,,
09/27/2023,12:41,CP4,AF,,Crataegus,chrysocarpa,fireberry hawthorn,,
09/27/2023,12:44,CP4,EF,,Populus,tremuloides,Trembling_Aspen,,
09/27/2023,13:07,CP3,RANDOM,,Populus,tremuloides,trembling_Aspen,,
09/27/2023,13:04,CP3,AF,,Populus,tremuloides,Trembling_Aspen,,
09/27/2023,13:03,CP3,EF,,Populus,tremuloides,Trembling_Aspen,,
09/27/2023,13:34,CP2,RANDOM,,Lonicera ,,Honeysuckle,,
09/27/2023,13:38,CP2,AF,,Ulmus ,americana,American elm,,
09/27/2023,13:40,CP2,EF,,Lonicera ,morrowii,Morrow's honeysuckle,,
10/03/2023,9:52,NB1,RANDOM,,Crataegus,chrysocarpa,fireberry hawthorn,,
10/03/2023,9:54,NB1,AF,,Crataegus,chrysocarpa,fireberry hawthorn,,
10/03/2023,9:49,NB1,EF,,Prunus,serotina,Black cherry ,,maybe black chokeberry?
10/03/2023,10:15,NB2,RANDOM,,Prunus,serotina,Black cherry,,
10/03/2023,10:12,NB2,AF,,Prunus,virginiana,chokecherry,,no leaves remaining
10/03/2023,10:08,NB2,EF,,Prunus,virginiana,chokecherry,,
10/03/2023,10:30,NB3,RANDOM,,Prunus,virginiana,chokecherry,,
10/03/2023,10.34,NB3,AF,,Acer ,rubrum,red maple,,
10/03/2023,10.32,NB3,EF,,Prunus,virginiana,chokecherry,,
10/03/2023,9:06,NB5,RANDOM,,Populus,tremuloides,Trembling_Aspen,,
10/03/2023,9:12,NB5,AF,,Prunus,virginiana,chokecherry,,
10/03/2023,9:15,NB5,EF,,Prunus,serotina,Black cherry ,,no leaves remaining
10/04/2023,11:35,PS1,RANDOM,,Salix,discolor,Pussy willow,,possibly Bebb's
10/04/2023,11:34,PS1,AF,,Populus,balsamifera,Balsam_Poplar,,
10/04/2023,11:30,PS1,EF,,Populus,tremuloides,Trembling_Aspen,,
10/04/2023,12:00,PS3,RANDOM,,Cornus,racemosa,Grey dogwood,,
10/04/2023,11:57,PS3,AF,,Prunus,virginiana,chokecherry,,
10/04/2023,11:58,PS3,EF,,Crataegus,chrysocarpa,fireberry hawthorn,,
10/04/2023,12:18,PS4,RANDOM,,Salix,bebbiana,Bebb's willow,,"possibly S. discolor- very little ""fuzz"""
10/04/2023,12:16,PS4,AF,,Spiraea,alba,white meadowsweet,,
10/04/2023,12:15,PS4,EF,,Populus,tremuloides,Trembling_Aspen,,
10/04/2023,12:42,PS2,RANDOM,,Cornus,racemosa,Grey dogwood,,
10/04/2023,12:39,PS2,AF,,Spiraea,alba,white meadowsweet,,
10/04/2023,12:41,PS2,EF,,Populus,balsamifera,Balsam_Poplar,,no leaves remaining
10/05/2023,12:05,CP4,CAT.F,,Cornus,sericia,Red osier dogwood,,
10/05/2023,12:07,CP4,CAT.ADJ,,Betula,papyrifera,Paper birch,,
10/05/2023,12:09,CP4,AF,,Crataegus,chrysocarpa,fireberry hawthorn,,
10/05/2023,12:08,CP4,EF,,Populus,tremuloides,Trembling_Aspen,,
10/05/2023,11:50,CP5,RANDOM,,Tilia,americana,Basswood,,
10/05/2023,11:54,CP5,AF,,Lonicera,,Honeysuckle,,
10/05/2023,11:52,CP5,EF,,Crataegus,chrysocarpa,fireberry hawthorn,,No leaves remaining
10/05/2023,11:08,CP7,RANDOM,,Lonicera,,Honeysuckle,,
10/05/2023,11:11,CP7,AF,,Prunus,virginiana,chokecherry,,
10/05/2023,11:10,CP7,EF,,Lonicera,morrowii,morrow honeysuckle,,
10/05/2023,12:46,CP2,RANDOM,,Lonicera,,Honeysuckle,,
10/05/2023,12:48,CP2,AF,,Ulmus ,americana,American elm,,
10/05/2023,12:51,CP2,EF,,Lonicera ,morrowii,Morrow's honeysuckle,,
10/05/2023,12:23,CP3,CAT.F,,Cornus,sericia,Red osier dogwood,,
10/05/2023,12:25,CP3,CAT.ADJ,,Populus,tremuloides,Trembling_Aspen,,
10/05/2023,12:24,CP3,AF,,Populus,tremuloides,Trembling_Aspen,,
10/05/2023,12:25,CP3,EF,,Populus,tremuloides,Trembling_Aspen,,