Long,Lat,globalid,CreationDate,Creator,EditDate,Editor,date_and_time,site_location,sampling_point,untitlesd_question_31_other,presence,how_many_caterpillars,if_found_caterpillar_describe_i,caterpillar_id,caterpillar_collected,field_21_other,field_26_5,field_26_1,field_26_2,field_26_0,collected_leaves,collected_leaves_other,photone_light_levels_foraging_p,photone_light_levels_adjacent_p,total_time_search_effort,field_37,field_38,any_notes,photone_light_levels_fixed_edge,photone_light_levels_fixed_alva,if_no_caterpillar_photone_light
-79.05386845,44.6950303,{0E195A79-CDF8-4A2C-AC62-909100E9CFEE},37:23.6,Richard.Feldman@ontario.ca_mnrf,37:23.6,Richard.Feldman@ontario.ca_mnrf,5/5/2023 16:02,North Bear,NB1,,"Caterpillar,Leaf",,Small dark baby made a tent,Eastern Tent caterpiller,Yes,,NA,3,3,3,"Caterpillar_foraging,Caterpillar_adjacent,Fixed_edge",,41,30,19,3.28,1.92,"Fixed alvar  budding, fixed edge leaves",,,
-79.05150991,44.69640996,{74D7E019-E1BC-4C15-B238-AD525E205C34},37:23.6,Richard.Feldman@ontario.ca_mnrf,37:23.6,Richard.Feldman@ontario.ca_mnrf,5/5/2023 17:35,North Bear,NB2,,Leaf,,,,,,,,3,3,"Fixed_edge,Fixed_alvar",,,,,,,Tent caterpillar in alvar fixed plant nb2,,,
-79.04883384,44.68653213,{5DC40244-3F02-43F9-92F0-1237B539EF50},37:23.6,Richard.Feldman@ontario.ca_mnrf,37:23.6,Richard.Feldman@ontario.ca_mnrf,5/5/2023 19:13,North Bear,NB4,,"Leaf,Caterpillar",,Tent eastern,Eastern tent,Yes,,3,3,3,3,"Fixed_edge,Fixed_alvar,Caterpillar_foraging,Caterpillar_adjacent",,14,109,1,2.85,45.5,"New spot, ALDER CAT FORAG LOOK DIFF",,,
-79.05209643,44.68525792,{CAF244EE-7764-4296-A275-EF6ED473E349},37:23.6,Richard.Feldman@ontario.ca_mnrf,37:23.6,Richard.Feldman@ontario.ca_mnrf,5/5/2023 19:34,North Bear,NB5,,Leaf,,,,,,3,3,,,"Fixed_edge,Fixed_alvar",,,,,,,Black stuff on shrub new soot by pzarking soit,,,
-79.05021417,44.69836985,{04DD3E6C-3E35-4871-B31D-D4C8939C79A2},37:23.6,Richard.Feldman@ontario.ca_mnrf,37:23.6,Richard.Feldman@ontario.ca_mnrf,5/6/2023 13:30,North Bear,NB3,,"Leaf,Caterpillar",,Eastern tent,Eastern tent,Yes,,NA,NA,3,3,"Caterpillar_foraging,Caterpillar_adjacent",,12,7.2,7.6,0.84,1.42,"Fixed edge And Fixed alvar leaf still growing, shrubs unkowm
, always north canopy cover",,,
-79.06066456,44.65019784,{350376B1-ADFF-44D0-B33F-8F17B1388D88},37:23.6,Richard.Feldman@ontario.ca_mnrf,37:23.6,Richard.Feldman@ontario.ca_mnrf,10:00.0,Carden PP,CP6,,Leaf,,,,No,,3,3,NA,NA,"Fixed_edge,Fixed_alvar",,,,10,,,,,,
-79.05911108,44.65248413,{D6BBC2CE-A24F-4019-9CCE-564467D793F5},37:23.6,Richard.Feldman@ontario.ca_mnrf,37:23.6,Richard.Feldman@ontario.ca_mnrf,5/6/2023 17:56,Carden PP,CP7,,Leaf,,,,,,3,3,,,"Fixed_edge,Fixed_alvar",,,,10,,,Shrubz different,,,
-79.06141226,44.62464021,{8184F5DA-DAF2-4244-93FD-196AB2B08BC2},37:23.6,Richard.Feldman@ontario.ca_mnrf,37:23.6,Richard.Feldman@ontario.ca_mnrf,5/6/2023 18:19,Carden PP,CP5,,Leaf,,,,,,3,3,NA,NA,"Fixed_edge,Fixed_alvar",,,,10,,,Fixed plants taken yesterday,,,
-79.06341297,44.62277651,{51D89E83-8E97-48F8-A0DC-47F5EC8A24FA},37:23.6,Richard.Feldman@ontario.ca_mnrf,37:23.6,Richard.Feldman@ontario.ca_mnrf,42:00.0,Carden PP,CP4,,Leaf,,,,,,3,3,,,"Fixed_edge,Fixed_alvar",,,,10,,,Moved kight trap bulb not wpporkinh,,,
-79.06584912,44.62056246,{A8B60689-AA6A-4F49-AE7E-7393682CE272},37:23.6,Richard.Feldman@ontario.ca_mnrf,37:23.6,Richard.Feldman@ontario.ca_mnrf,5/7/2023 15:22,Carden PP,CP3,,Leaf,,,,,,3,NA,NA,NA,Fixed_alvar,,,,10,,,,,,
-79.06473506,44.61867921,{EB4E9F0A-EA6A-4F62-86E2-76FCC90665CE},37:23.6,Richard.Feldman@ontario.ca_mnrf,37:23.6,Richard.Feldman@ontario.ca_mnrf,5/7/2023 16:08,Carden PP,CP2,,Leaf,,,,,,3,3,,,"Fixed_edge,Fixed_alvar",,,,10,,,,,,
-79.09049174,44.64828535,{29FD3D20-0C3D-4409-A9F0-2AB29AF6B8A9},37:23.6,Richard.Feldman@ontario.ca_mnrf,37:23.6,Richard.Feldman@ontario.ca_mnrf,26:00.0,Prairie Smoke,PS4,,"Caterpillar,Leaf",,Tent,Eastern tent,Yes,,3,3,3,NA,"Fixed_alvar,Fixed_edge,Caterpillar_foraging",,18,48,3.7,0.75,20,"Trembking aspwn ef and sweet mewdow , north direction",,,
-79.08927401,44.65038717,{54EE32FA-C89D-41E5-B4C2-98FA45C7F4DD},37:23.6,Richard.Feldman@ontario.ca_mnrf,37:23.6,Richard.Feldman@ontario.ca_mnrf,5/8/2023 15:25,Prairie Smoke,PS5,,Leaf,,,,,,3,3,,,"Fixed_edge,Fixed_alvar",,,,10,,,,,,
-79.09258687,44.64642656,{CD3287D6-B3F3-49A8-8124-B47AC398E68D},37:23.6,Richard.Feldman@ontario.ca_mnrf,37:23.6,Richard.Feldman@ontario.ca_mnrf,5/8/2023 15:41,Prairie Smoke,PS3,,"Leaf,Caterpillar",,Tent caterpillar,Eastern tent,Yes,,3,3,3,NA,"Fixed_edge,Fixed_alvar,Caterpillar_foraging",,145,750,9.2,47.6,38.5,,,,
-79.09155133,44.64353669,{BB9F52EB-1F94-4C04-A052-F4F77EDF1FE1},37:23.6,Richard.Feldman@ontario.ca_mnrf,37:23.6,Richard.Feldman@ontario.ca_mnrf,5/8/2023 17:09,Prairie Smoke,PS2,,Leaf,,,,,,3,3,,,"Fixed_edge,Fixed_alvar",,,,10,,,,,,
-79.08694349,44.64765002,{78CF1436-735C-4FCE-96B8-0A669CCB56BF},37:23.6,Richard.Feldman@ontario.ca_mnrf,37:23.6,Richard.Feldman@ontario.ca_mnrf,5/8/2023 17:57,Prairie Smoke,PS1,,Leaf,,,,,,3,3,NA,NA,"Fixed_edge,Fixed_alvar",,,,10,,,,,,
-79.05204921,44.68525023,{0BB44600-027E-4006-A9DB-92A7A9C5FF04},37:23.6,Richard.Feldman@ontario.ca_mnrf,37:23.6,Richard.Feldman@ontario.ca_mnrf,5/14/2023 14:54,North Bear,NB5,,"Caterpillar,Leaf",,,eastern tent,Yes,,,,,,"Edge_fixed_(EF),Alvar_fixed_(AF),Caterpillar_foraging_(CAT_F),Caterpillar_adjacent_(CAT_ADJ)",,,,0.2,27.5,8.87,caterpillars are foraging along ADJACENT PLANT too,8.99,34.7,
-79.05906134,44.65240258,{CE73F6A1-3291-4231-9CCB-E3BE41FD3A84},37:23.6,Richard.Feldman@ontario.ca_mnrf,37:23.6,Richard.Feldman@ontario.ca_mnrf,26:00.0,Carden PP,CP7,,"Leaf,Caterpillar",,,eastern tent,Yes,,,,,,"Edge_fixed_(EF),Alvar_fixed_(AF),Caterpillar_foraging_(CAT_F),Caterpillar_adjacent_(CAT_ADJ)",,,,5,25.3,67.6,,70,68.5,
-79.08694563,44.64761991,{5F7CED1D-7556-4AE4-B4BD-447E903A9063},37:23.6,Richard.Feldman@ontario.ca_mnrf,37:23.6,Richard.Feldman@ontario.ca_mnrf,12:00.0,Prairie Smoke,PS1,,Leaf,,,,No,,,,,,"Edge_fixed_(EF),Alvar_fixed_(AF),other",random,,,10,,,,52.5,46.8,38.8
-79.09240281,44.64653101,{F36EC441-17FD-40FC-8133-21681E98018E},37:23.6,Richard.Feldman@ontario.ca_mnrf,37:23.6,Richard.Feldman@ontario.ca_mnrf,5/16/2023 16:51,Prairie Smoke,PS3,,"Leaf,Caterpillar",,,eastern tent,Yes,,,,,,"Edge_fixed_(EF),Alvar_fixed_(AF),Caterpillar_foraging_(CAT_F),Caterpillar_adjacent_(CAT_ADJ)",,,,7.6,26,28.5,,21.5,55.2,
-79.0905195,44.64829315,{6FF509CA-2FAF-46AE-A915-774EAAA77E6A},37:23.6,Richard.Feldman@ontario.ca_mnrf,37:23.6,Richard.Feldman@ontario.ca_mnrf,5/16/2023 17:19,Prairie Smoke,PS4,,Leaf,,,,No,,,,,,"Edge_fixed_(EF),Alvar_fixed_(AF),other",random,,,10,,,,19.7,21.8,18.8
-79.06347317,44.62282648,{9A8B7C9F-D693-4166-8851-89904CB5CBE0},37:23.6,Richard.Feldman@ontario.ca_mnrf,37:23.6,Richard.Feldman@ontario.ca_mnrf,5/15/2023 16:36,Carden PP,CP4,,"Caterpillar,Leaf",,Black and hairy. long butt hairs,,,,,,,,"Edge_fixed_(EF),Alvar_fixed_(AF),Caterpillar_foraging_(CAT_F),Caterpillar_adjacent_(CAT_ADJ)",,,,7,5.1,5.98,New caterpillar,13.7,59.1,
-79.06138275,44.62462331,{1FEDA1C8-B900-4575-B860-A05A83F8CCF7},37:23.6,Richard.Feldman@ontario.ca_mnrf,37:23.6,Richard.Feldman@ontario.ca_mnrf,5/15/2023 17:12,Carden PP,CP5,,Leaf,,,,,,,,,,"Edge_fixed_(EF),Alvar_fixed_(AF),other",Rand,,,,,,,56.7,11.5,56.8
-79.06604873,44.62079954,{6A5DE79C-8D87-409B-BD62-82C39FA6F156},37:23.6,Richard.Feldman@ontario.ca_mnrf,37:23.6,Richard.Feldman@ontario.ca_mnrf,5/15/2023 17:50,Carden PP,CP3,,Leaf,,,,,,,,,,"Edge_fixed_(EF),Alvar_fixed_(AF),other",Rand,,,10,,,,62.5,73.6,63.6
-79.05204921,44.68525023,{B649D1CC-C3DC-4B22-BCB9-C86ED085C9C5},37:23.6,Richard.Feldman@ontario.ca_mnrf,37:23.6,Richard.Feldman@ontario.ca_mnrf,5/14/2023 14:54,North Bear,NB5,,"Caterpillar,Leaf",,,eastern tent,Yes,,,,,,"Edge_fixed_(EF),Alvar_fixed_(AF),Caterpillar_foraging_(CAT_F),Caterpillar_adjacent_(CAT_ADJ)",,,,0.2,27.5,8.87,caterpillars are foraging along ADJACENT PLANT too,8.99,34.7,
-79.04850134,44.68664075,{92833B9A-0FD4-4AEC-8B16-C0C3F02EA4D2},37:23.6,Richard.Feldman@ontario.ca_mnrf,37:23.6,Richard.Feldman@ontario.ca_mnrf,5/14/2023 15:30,North Bear,NB4,,"Caterpillar,Leaf",,yellow in the middle,eastern tent,Yes,,,,,,"Edge_fixed_(EF),Alvar_fixed_(AF),Caterpillar_foraging_(CAT_F),Caterpillar_adjacent_(CAT_ADJ)",,,,2,42.5,14,,42.2,41.09,
-79.05383765,44.69508068,{4564C6B7-3F12-4B04-A0FC-2EF85B8A6DBA},37:23.6,Richard.Feldman@ontario.ca_mnrf,37:23.6,Richard.Feldman@ontario.ca_mnrf,5/14/2023 16:36,North Bear,NB1,,"Leaf,Caterpillar",,,eastern tent,Yes,,,,,,"Edge_fixed_(EF),Alvar_fixed_(AF),Caterpillar_foraging_(CAT_F),Caterpillar_adjacent_(CAT_ADJ)",,,,1,23.6,68.2,tent cat on adjacent,45.2,69.5,
-79.05158511,44.69661092,{0DEAF87B-0A62-40B5-ACD3-7A3295739DFB},37:23.6,Richard.Feldman@ontario.ca_mnrf,37:23.6,Richard.Feldman@ontario.ca_mnrf,5/14/2023 17:35,North Bear,NB2,,"Leaf,Caterpillar",,,eastern tent,Yes,,,,,,"Alvar_fixed_(AF),Edge_fixed_(EF),Caterpillar_foraging_(CAT_F),Caterpillar_adjacent_(CAT_ADJ)",,,,0.1,67.8,62.7,,67.8,70.7,
-79.05046485,44.69812069,{1A21E5A5-6D01-47E3-8D9F-958A192AF99C},37:23.6,Richard.Feldman@ontario.ca_mnrf,37:23.6,Richard.Feldman@ontario.ca_mnrf,5/14/2023 18:06,North Bear,NB3,,"Leaf,Caterpillar",,,eastern tent,Yes,,,,,,"Edge_fixed_(EF),Alvar_fixed_(AF),Caterpillar_foraging_(CAT_F),Caterpillar_adjacent_(CAT_ADJ)",,,,0.2,66.5,63.5,,77.8,61.2,
-79.06046225,44.65006713,{E8B2ACB2-2E77-4D14-A70F-650E960762BA},37:23.6,Richard.Feldman@ontario.ca_mnrf,37:23.6,Richard.Feldman@ontario.ca_mnrf,5/15/2023 16:48,Carden PP,CP6,,"Caterpillar,Leaf",,,eastern tent,Yes,,,,,,"Alvar_fixed_(AF),Edge_fixed_(EF),Caterpillar_foraging_(CAT_F),Caterpillar_adjacent_(CAT_ADJ)",,,,5,65.54,35.1,,64.2,67.7,
-79.0905195,44.64829315,{83F83496-4036-4BC6-80C0-6D30D845C771},37:23.6,Richard.Feldman@ontario.ca_mnrf,37:23.6,Richard.Feldman@ontario.ca_mnrf,5/16/2023 17:19,Prairie Smoke,PS4,,Leaf,,,,No,,,,,,"Edge_fixed_(EF),Alvar_fixed_(AF),other",random,,,10,,,,19.7,21.8,18.8
-79.0891313,44.65026406,{5A177FD4-4F47-4F12-A92B-31DC567FC27C},37:23.6,Richard.Feldman@ontario.ca_mnrf,37:23.6,Richard.Feldman@ontario.ca_mnrf,5/16/2023 17:40,Prairie Smoke,PS5,,Leaf,,,,No,,,,,,"Edge_fixed_(EF),Alvar_fixed_(AF),other",random,,,10,,,,12.9,23,23.3
-79.09155272,44.64349128,{6CA1716B-416B-4375-8371-C34CF471E13E},37:23.6,Richard.Feldman@ontario.ca_mnrf,37:23.6,Richard.Feldman@ontario.ca_mnrf,5/16/2023 18:15,Prairie Smoke,PS2,,Leaf,,,,No,,,,,,"Edge_fixed_(EF),Alvar_fixed_(AF),other",random,,,10,,,,16.4,18.7,4.4
-79.06019271,44.65010954,{D7BA5751-6338-4557-B650-6EADAEC9D3F7},37:23.6,Richard.Feldman@ontario.ca_mnrf,37:23.6,Richard.Feldman@ontario.ca_mnrf,08:00.0,Carden PP,CP6,,"Leaf,Caterpillar",,,Eastern tent ,Yes,,,,,,"Edge_fixed_(EF),Alvar_fixed_(AF),Caterpillar_foraging_(CAT_F),Caterpillar_adjacent_(CAT_ADJ)",,,,18,52,79,,91.3,96,
-79.05899272,44.65246313,{2BCF259C-F3D9-457E-AC0F-1D51476AB026},37:23.6,Richard.Feldman@ontario.ca_mnrf,37:23.6,Richard.Feldman@ontario.ca_mnrf,5/24/2023 18:44,Carden PP,CP7,,"Caterpillar,Leaf",,,Eastern tent,Yes,,,,,,"Edge_fixed_(EF),Alvar_fixed_(AF),Caterpillar_adjacent_(CAT_ADJ),Caterpillar_foraging_(CAT_F)",,,,0.1,92,56,,86,82.7,
-79.08710922,44.64744753,{E39F1A5F-013D-43D4-86DE-61871BF49D9B},37:23.6,Richard.Feldman@ontario.ca_mnrf,37:23.6,Richard.Feldman@ontario.ca_mnrf,5/25/2023 16:35,Prairie Smoke,PS1,,Leaf,,,,No,,,,,,"Alvar_fixed_(AF),Edge_fixed_(EF),other",RANDOM,,,10,,,,87.8,87.7,90.7
-79.09148923,44.64346435,{99B45B5E-B9B5-403D-8E11-673EE55C0135},37:23.6,Richard.Feldman@ontario.ca_mnrf,37:23.6,Richard.Feldman@ontario.ca_mnrf,5/25/2023 17:28,Prairie Smoke,PS2,,"Leaf,Caterpillar",,"1 yellow maggot no hair , leaf burrowimg on balsam pop
1 new cat ",unknown cat ,Yes,,,,,,"Edge_fixed_(EF),Alvar_fixed_(AF),Caterpillar_adjacent_(CAT_ADJ),Caterpillar_foraging_(CAT_F)",,,,3.24,96.6,6.7,"UPDATE FROM LAB- WE LOOKED at maggot under the scope and it was maggot, no legs, photo attacched. kept sample in case
second cat is real, kept sample but didnt weigh because fell apart",96.6,95.7,
-79.09243105,44.6465159,{4F12E977-6B70-45CF-A412-C59DD4FF5A5E},37:23.6,Richard.Feldman@ontario.ca_mnrf,37:23.6,Richard.Feldman@ontario.ca_mnrf,5/25/2023 18:36,Prairie Smoke,PS3,,"Caterpillar,Leaf",,,eastern tent,Yes,,,,,,"Alvar_fixed_(AF),Edge_fixed_(EF),Caterpillar_foraging_(CAT_F),Caterpillar_adjacent_(CAT_ADJ)",,,,8.42,33.4,54.7,,5.05,95.3,
-79.09040901,44.6483362,{1547BD2C-D086-42CB-81B2-74B08E3474A7},37:23.6,Richard.Feldman@ontario.ca_mnrf,37:23.6,Richard.Feldman@ontario.ca_mnrf,5/25/2023 18:48,Prairie Smoke,PS4,,"Caterpillar,Leaf",,hidden under trem aspen leaf,new lime green with black dots ,Yes,,,,,,"Edge_fixed_(EF),Alvar_fixed_(AF),Caterpillar_foraging_(CAT_F),Caterpillar_adjacent_(CAT_ADJ)",,,,10,4.42,19.7,caterpillar broke later in lab - didnt weigh,6.09,99.3,
-79.08930685,44.65031431,{D5212E0A-F106-4628-833A-A2A65D240032},37:23.6,Richard.Feldman@ontario.ca_mnrf,37:23.6,Richard.Feldman@ontario.ca_mnrf,5/25/2023 19:19,Prairie Smoke,PS5,,Leaf,,,,No,,,,,,"Edge_fixed_(EF),Alvar_fixed_(AF),other",RANDOM,,,10,,,,92.9,53,90.2
-79.05209213,44.68521512,{1C42A476-B247-44FF-B908-52C258079823},37:23.6,Richard.Feldman@ontario.ca_mnrf,37:23.6,Richard.Feldman@ontario.ca_mnrf,6/1/2023 12:57,North Bear,NB5,,"Caterpillar,Leaf",,Black with blue spots on side,,Yes,,,,,,"Edge_fixed_(EF),Alvar_fixed_(AF),Caterpillar_foraging_(CAT_F),Caterpillar_adjacent_(CAT_ADJ)",,,,3,15,5.85,,15,25,
-79.053523,44.69520188,{3A9882F4-FB0E-461B-B1E7-32018D7C65C6},37:23.6,Richard.Feldman@ontario.ca_mnrf,37:23.6,Richard.Feldman@ontario.ca_mnrf,6/1/2023 13:39,North Bear,NB1,,"Caterpillar,Leaf",,,Eastern tent,Yes,,,,,,"Edge_fixed_(EF),Alvar_fixed_(AF),Caterpillar_foraging_(CAT_F),Caterpillar_adjacent_(CAT_ADJ)",,,,0,5.85,27.7,,3.7,20.1,
-79.0519132,44.69627421,{E54A9451-1EAB-4D5D-8EA7-DD2ABE79AA16},37:23.6,Richard.Feldman@ontario.ca_mnrf,37:23.6,Richard.Feldman@ontario.ca_mnrf,6/1/2023 14:04,North Bear,NB2,,"Leaf,Caterpillar",,Very large ,Eastern tent,Yes,,,,,,"Edge_fixed_(EF),Alvar_fixed_(AF),Caterpillar_foraging_(CAT_F),Caterpillar_adjacent_(CAT_ADJ)",,,,0.5,45.2,41,AF still has no leaves so we took another random ,45.2,,35.3
-79.05020485,44.69835634,{667E6E57-7E1B-4F75-B2B9-9B8413D01959},37:23.6,Richard.Feldman@ontario.ca_mnrf,37:23.6,Richard.Feldman@ontario.ca_mnrf,39:00.0,North Bear,NB3,,"Caterpillar,Leaf",,"Curled up on a leaf, translucent blue color ",Eastern tent and another mystery caterpillar ,Yes,,,,,,"Edge_fixed_(EF),Alvar_fixed_(AF),Caterpillar_foraging_(CAT_F),Caterpillar_adjacent_(CAT_ADJ)",,,,0.3,40,8.57,,11.7,23,
-79.09042272,44.648304,{5EDB8CED-432A-41FE-9430-D0D121892C1F},37:23.6,Richard.Feldman@ontario.ca_mnrf,37:23.6,Richard.Feldman@ontario.ca_mnrf,6/2/2023 15:33,Prairie Smoke,PS4,,"Caterpillar,Leaf",,Orange-brown. smooth body. with a white spot on back,,Yes,,,,,,"Caterpillar_foraging_(CAT_F),Alvar_fixed_(AF),Edge_fixed_(EF),Caterpillar_adjacent_(CAT_ADJ)",,,,0.2,23,17,,12.5,79.8,
-79.08933443,44.65033041,{FF783CC9-0059-477C-9DDA-2DC0507EE223},37:23.6,Richard.Feldman@ontario.ca_mnrf,37:23.6,Richard.Feldman@ontario.ca_mnrf,12:00.0,Prairie Smoke,PS5,,Leaf,,Found some caterpillar sheds but no live ones ,,No,,,,,,"Edge_fixed_(EF),Alvar_fixed_(AF),other",,,,10,,,,79.2,34.9,87.4
-79.0605977,44.6501704,{6AE7A53D-13D1-4D8F-8F50-EEC958F5DC6F},37:23.6,Richard.Feldman@ontario.ca_mnrf,37:23.6,Richard.Feldman@ontario.ca_mnrf,6/3/2023 15:51,Carden PP,CP6,,"Caterpillar,Leaf",,,E tent,Yes,,,,,,"Edge_fixed_(EF),Alvar_fixed_(AF),Caterpillar_foraging_(CAT_F),Caterpillar_adjacent_(CAT_ADJ)",,,,6.3,73,24.9,7,79.6,80,
-79.05906826,44.65248818,{EE225785-4767-45F6-AB4D-A59D398A4515},37:23.6,Richard.Feldman@ontario.ca_mnrf,37:23.6,Richard.Feldman@ontario.ca_mnrf,6/3/2023 16:26,Carden PP,CP7,,"Caterpillar,Leaf",,,E tent,Yes,,,,,,"Alvar_fixed_(AF),Edge_fixed_(EF),Caterpillar_foraging_(CAT_F),Caterpillar_adjacent_(CAT_ADJ)",,,,0.05,89.9,90,,89.2,85.1,
-79.08665247,44.64760594,{8016510C-CDE0-4301-8ED5-529B80116B50},37:23.6,Richard.Feldman@ontario.ca_mnrf,37:23.6,Richard.Feldman@ontario.ca_mnrf,6/14/2023 16:29,Prairie Smoke,PS1,,Leaf,,,,No,,,,,,"other,Alvar_fixed_(AF),Edge_fixed_(EF)",Random,,,5,,,,22,17.8,16.5
-79.09046923,44.64833091,{12BBD52D-ED9E-4210-9579-3BF639ACF180},37:23.6,Richard.Feldman@ontario.ca_mnrf,37:23.6,Richard.Feldman@ontario.ca_mnrf,6/14/2023 18:09,Prairie Smoke,PS4,,Leaf,,,,No,,,,,,"other,Alvar_fixed_(AF),Edge_fixed_(EF)",Random,,,5,,,,8.49,12.8,12
-79.08932418,44.65036763,{84FB7E44-9159-4FCF-B7AD-38B468C69C1D},37:23.6,Richard.Feldman@ontario.ca_mnrf,37:23.6,Richard.Feldman@ontario.ca_mnrf,6/14/2023 18:35,Prairie Smoke,PS5,,Leaf,,,,No,,,,,,"Alvar_fixed_(AF),Edge_fixed_(EF),other",Random,,,5,,,,7.27,10.9,12.9
-79.06144474,44.62463479,{589752D8-5280-404F-BF4F-880F1CD21B26},37:23.6,Richard.Feldman@ontario.ca_mnrf,37:23.6,Richard.Feldman@ontario.ca_mnrf,6/15/2023 14:54,Carden PP,CP5,,Leaf,,,,No,,,,,,"Alvar_fixed_(AF),other,Edge_fixed_(EF)",Random,,,5,,6.96,,11.9,6.21,
-79.06349495,44.62274268,{D925054E-FBC1-4296-92D8-15F0015F71FC},37:23.6,Richard.Feldman@ontario.ca_mnrf,37:23.6,Richard.Feldman@ontario.ca_mnrf,6/15/2023 15:35,Carden PP,CP4,,Leaf,,,,No,,,,,,"Edge_fixed_(EF),Alvar_fixed_(AF),other",,,,5,,,,3.26,14.8,3.3
-79.06611896,44.62083891,{9D7272B9-7501-414C-9B58-EBF9BF4D1895},37:23.6,Richard.Feldman@ontario.ca_mnrf,37:23.6,Richard.Feldman@ontario.ca_mnrf,6/15/2023 16:08,Carden PP,CP3,,Leaf,,,,No,,,,,,"Edge_fixed_(EF),Alvar_fixed_(AF),other",Random,,,5,,,,17.9,13.2,18.4
-79.09241805,44.64646742,{D2C546B0-902B-476B-A691-A7863EC59602},37:23.6,Richard.Feldman@ontario.ca_mnrf,37:23.6,Richard.Feldman@ontario.ca_mnrf,6/2/2023 15:31,Prairie Smoke,PS3,,Leaf,,,,No,,,,,,"Alvar_fixed_(AF),Edge_fixed_(EF),other",RANDOM,,,5,,,only did 5 min of cat survey because short on time,8.17,87.2,37.5
-79.09162588,44.64351486,{45F87219-B6F3-4A6D-81F1-E4F4E43F2A61},37:23.6,Richard.Feldman@ontario.ca_mnrf,37:23.6,Richard.Feldman@ontario.ca_mnrf,6/2/2023 16:05,Prairie Smoke,PS2,,"Caterpillar,Leaf",,new cat striped with black head - COCOONING IN A LEAF ON A PRUNUS,,Yes,,,,,,"Caterpillar_foraging_(CAT_F),Alvar_fixed_(AF),Edge_fixed_(EF),Caterpillar_adjacent_(CAT_ADJ)",,,,5,75.3,74.1,new cat cacoon,82.5,84.2,
-79.086996,44.64768825,{DCC4A509-96BA-4027-A954-04226FCE519A},37:23.6,Richard.Feldman@ontario.ca_mnrf,37:23.6,Richard.Feldman@ontario.ca_mnrf,6/2/2023 16:37,Prairie Smoke,PS1,,"Caterpillar,Leaf",,lines on middle orange,eastern tent?,Yes,,,,,,"Caterpillar_foraging_(CAT_F),Alvar_fixed_(AF),Edge_fixed_(EF),Caterpillar_adjacent_(CAT_ADJ)",,,,4.5,70.9,91.7,,82.1,74.9,
-79.06146612,44.62470422,{A37689A0-9A36-444D-956C-F5D458DE65C0},37:23.6,Richard.Feldman@ontario.ca_mnrf,37:23.6,Richard.Feldman@ontario.ca_mnrf,24:00.0,Carden PP,CP5,,"Caterpillar,Leaf",,"no hair, in a leaf cocoon in hawthrone, 3 pairs of black front legs. orange stripe down middle. currently dead",green,Yes,,,,,,"Edge_fixed_(EF),Alvar_fixed_(AF),Caterpillar_foraging_(CAT_F),Caterpillar_adjacent_(CAT_ADJ)",,,,4,13.11,65.1,,67.2,6.78,
-79.06332751,44.62269659,{02880907-E67E-47B4-A454-0E4C2F87C1EB},37:23.6,Richard.Feldman@ontario.ca_mnrf,37:23.6,Richard.Feldman@ontario.ca_mnrf,6/3/2023 15:58,Carden PP,CP4,,Leaf,,,,No,,,,,,"Edge_fixed_(EF),Alvar_fixed_(AF),other",RANDOM,,,5,,,,26.5,82.7,92.1
-79.06615569,44.62081104,{A1CB7D1E-2D9D-41FD-B2C6-5FCA2C4334C8},37:23.6,Richard.Feldman@ontario.ca_mnrf,37:23.6,Richard.Feldman@ontario.ca_mnrf,6/3/2023 16:26,Carden PP,CP3,,Leaf,,,,No,,,,,,"Edge_fixed_(EF),Alvar_fixed_(AF),other",RANDOM,,,5,,,all CP surveys this week = 5 min observer time = one person,92.2,88.9,85.6
-79.06452302,44.61848397,{DE81615C-37AC-4337-9D2B-045D4C96481C},37:23.6,Richard.Feldman@ontario.ca_mnrf,37:23.6,Richard.Feldman@ontario.ca_mnrf,6/3/2023 17:16,Carden PP,CP2,,"Leaf,Caterpillar",,in lead coccoon,unknown yellow with red in leaf cocoon,Yes,,,,,,"Edge_fixed_(EF),Alvar_fixed_(AF),Caterpillar_foraging_(CAT_F),Caterpillar_adjacent_(CAT_ADJ)",,,,8,92,90.9,,104.8,88.6,
-79.05345863,44.69521931,{7A2C262F-0865-4218-9C62-939BD9784FB3},37:23.6,Richard.Feldman@ontario.ca_mnrf,37:23.6,Richard.Feldman@ontario.ca_mnrf,6/13/2023 14:40,North Bear,NB1,,"Caterpillar,Leaf",,,eastern tent,Yes,,,,,,"Alvar_fixed_(AF),Edge_fixed_(EF),Caterpillar_foraging_(CAT_F),Caterpillar_adjacent_(CAT_ADJ)",,,,1.2,17.4,69.4,,10.7,61.9,
-79.05035447,44.69833537,{EFE5C8DE-248B-42F7-882E-995DE4B1773E},37:23.6,Richard.Feldman@ontario.ca_mnrf,37:23.6,Richard.Feldman@ontario.ca_mnrf,6/13/2023 15:19,North Bear,NB3,,"Caterpillar,Leaf",,,eastern tent,Yes,,,,,,"Edge_fixed_(EF),Alvar_fixed_(AF),Caterpillar_foraging_(CAT_F),Caterpillar_adjacent_(CAT_ADJ)",,,,0.1,20,25.6,,20,25.6,
-79.05141894,44.69622186,{CB1F6E17-E3BC-4461-BBB9-96D4849E778C},37:23.6,Richard.Feldman@ontario.ca_mnrf,37:23.6,Richard.Feldman@ontario.ca_mnrf,6/13/2023 15:51,North Bear,NB2,,"Caterpillar,Leaf",,,eastern tent,Yes,,,,,,"Edge_fixed_(EF),Alvar_fixed_(AF),Caterpillar_adjacent_(CAT_ADJ),Caterpillar_foraging_(CAT_F)",,,,2,10.6,20.6,,64.4,21,
-79.05200094,44.6851973,{B0E2D500-3677-4588-BD2C-F6CD1B908312},37:23.6,Richard.Feldman@ontario.ca_mnrf,37:23.6,Richard.Feldman@ontario.ca_mnrf,10:00.0,North Bear,NB5,,"Caterpillar,Leaf",,,eastern tent,Yes,,,,,,"Caterpillar_foraging_(CAT_F),Alvar_fixed_(AF),Edge_fixed_(EF),Caterpillar_adjacent_(CAT_ADJ)",,,,0.5,8.37,16,,11,30,
-79.09154355,44.64350249,{50B7492E-561E-4A97-A4E9-79B37321FBD5},37:23.6,Richard.Feldman@ontario.ca_mnrf,37:23.6,Richard.Feldman@ontario.ca_mnrf,6/14/2023 17:15,Prairie Smoke,PS2,,Leaf,,,,No,,,,,,"Edge_fixed_(EF),Alvar_fixed_(AF),other",RANDOM,,,5,,,,11.3,11.5,8.89
-79.09241126,44.64654759,{251E5613-8841-41E9-B66F-4096F7E4FF5C},37:23.6,Richard.Feldman@ontario.ca_mnrf,37:23.6,Richard.Feldman@ontario.ca_mnrf,39:00.0,Prairie Smoke,PS3,,"Leaf,Caterpillar",,,,Yes,,,,,,"Edge_fixed_(EF),Alvar_fixed_(AF),Caterpillar_foraging_(CAT_F),Caterpillar_adjacent_(CAT_ADJ)",,,,5,12.2,10.1,,5.18,11.8,
-79.06054056,44.65018317,{D05D5110-B935-4B7D-80FE-87A2C660F52E},37:23.6,Richard.Feldman@ontario.ca_mnrf,37:23.6,Richard.Feldman@ontario.ca_mnrf,6/15/2023 15:19,Carden PP,CP6,,Leaf,,,,No,,,,,,"Edge_fixed_(EF),Alvar_fixed_(AF),other",RANDOM,,,5,,,,14.8,19.1,12.5
-79.05921888,44.65232165,{5E267D25-0A18-41BC-9EA5-908D711CB0E2},37:23.6,Richard.Feldman@ontario.ca_mnrf,37:23.6,Richard.Feldman@ontario.ca_mnrf,56:00.0,Carden PP,CP7,,Leaf,,,,No,,,,,,"Edge_fixed_(EF),Alvar_fixed_(AF),other",RANDOM,,,5,,,there were E.tent webbing but no cats inside / didnt want to poke because cocooning,48.1,32.8,54.4
-79.06485634,44.61865642,{19F0E5B2-C183-45D7-A73F-EFB352943FD6},37:23.6,Richard.Feldman@ontario.ca_mnrf,37:23.6,Richard.Feldman@ontario.ca_mnrf,6/15/2023 17:00,Carden PP,CP2,,Leaf,,,,No,,,,,,"Edge_fixed_(EF),Alvar_fixed_(AF),other",RANDOM,,,5,,,,18.2,23.1,29.1
-79.05191798,44.69629543,{04D35B3D-D962-453B-99C0-FD06CF398E39},37:23.6,Richard.Feldman@ontario.ca_mnrf,37:23.6,Richard.Feldman@ontario.ca_mnrf,6/19/2023 14:50,North Bear,NB2,,"Caterpillar,Leaf",,,Eastern tent,Yes,,,,,,"Caterpillar_foraging_(CAT_F),Alvar_fixed_(AF),Edge_fixed_(EF),Caterpillar_adjacent_(CAT_ADJ)",,,,4,55.9,59.7,,55.9,56.4,
-79.05210164,44.68518434,{E713ED70-1FC9-4A65-8294-30F71CBD409C},37:23.6,Richard.Feldman@ontario.ca_mnrf,37:23.6,Richard.Feldman@ontario.ca_mnrf,6/19/2023 13:56,North Bear,NB5,,Leaf,,,,No,,,,,,"Edge_fixed_(EF),Alvar_fixed_(AF),other",,,,5,,,,9.08,25,4.97
-79.05351534,44.69521242,{0CCD9361-81EA-4572-8479-822415D8B6BB},37:23.6,Richard.Feldman@ontario.ca_mnrf,37:23.6,Richard.Feldman@ontario.ca_mnrf,6/19/2023 14:33,North Bear,NB1,,Leaf,,seen cocoons but no active cats,,No,,,,,,"Alvar_fixed_(AF),Edge_fixed_(EF),other",RANDOM,,,5,,,,3.97,15.6,4.8
-79.05010885,44.69839683,{5BA89379-38F1-4A6E-B2BE-9670F456EB7D},37:23.6,Richard.Feldman@ontario.ca_mnrf,37:23.6,Richard.Feldman@ontario.ca_mnrf,6/19/2023 14:57,North Bear,NB3,,Leaf,,,,No,,,,,,"Edge_fixed_(EF),Alvar_fixed_(AF),other",RANDOM,,,5,,,empty cocoons,4.59,46.6,23.8
-79.08915975,44.65035193,{D86E2365-231F-49AD-A85C-634C58207004},37:23.6,Richard.Feldman@ontario.ca_mnrf,37:23.6,Richard.Feldman@ontario.ca_mnrf,12:00.0,Prairie Smoke,PS5,,Leaf,,,,No,,,,,,"Edge_fixed_(EF),Alvar_fixed_(AF),other",Random,,,5,,,,91.8,90,95.3
-79.06069568,44.65047041,{56D1D4D8-5901-4AF0-A9FF-74B2195B3C84},37:23.6,Richard.Feldman@ontario.ca_mnrf,37:23.6,Richard.Feldman@ontario.ca_mnrf,6/21/2023 15:00,Carden PP,CP6,,"Caterpillar,Leaf",,,Ugly nest?,Yes,,,,,,"Edge_fixed_(EF),Alvar_fixed_(AF),Caterpillar_foraging_(CAT_F),Caterpillar_adjacent_(CAT_ADJ)",,,,4.1,30,26.3,,45.5,51.6,
-79.05904497,44.6523819,{FB322591-A76A-46C0-8E45-D96AE8E43CFA},37:23.6,Richard.Feldman@ontario.ca_mnrf,37:23.6,Richard.Feldman@ontario.ca_mnrf,6/21/2023 15:28,Carden PP,CP7,,"Caterpillar,Leaf",,,Ugly tent?,Yes,,,,,,"Edge_fixed_(EF),Alvar_fixed_(AF),Caterpillar_foraging_(CAT_F),Caterpillar_adjacent_(CAT_ADJ)",,,,3.22,46.2,54.65,,58,57.7,
-79.08693876,44.64769746,{C05FD081-8D92-4CF1-9C14-0AB6F5991C70},37:23.6,Richard.Feldman@ontario.ca_mnrf,37:23.6,Richard.Feldman@ontario.ca_mnrf,6/20/2023 15:17,Prairie Smoke,PS1,,Leaf,,,,No,,,,,,"Edge_fixed_(EF),Alvar_fixed_(AF),other",RANDOM,,,5,,,,47.8,68.8,50.7
-79.0913593,44.64343061,{43118B25-C8FD-4504-A2CB-1756EB68EB40},37:23.6,Richard.Feldman@ontario.ca_mnrf,37:23.6,Richard.Feldman@ontario.ca_mnrf,6/20/2023 15:38,Prairie Smoke,PS2,,Leaf,,,54,No,,,,,,"Edge_fixed_(EF),Alvar_fixed_(AF),other",RANDOM,,,5,,,,71,54.2,51.4
-79.09249071,44.64645595,{AED8F148-1AD8-47DA-9833-3FBCA8D96C64},37:23.6,Richard.Feldman@ontario.ca_mnrf,37:23.6,Richard.Feldman@ontario.ca_mnrf,6/20/2023 16:00,Prairie Smoke,PS3,,Leaf,,,,No,,,,,,"Edge_fixed_(EF),Alvar_fixed_(AF),other",RANDOM,,,5,,,,10.7,60.8,62.7
-79.09062043,44.6482662,{6AC795EE-4BA9-4A2B-9C16-CD4FC6F9EE91},37:23.6,Richard.Feldman@ontario.ca_mnrf,37:23.6,Richard.Feldman@ontario.ca_mnrf,6/20/2023 16:16,Prairie Smoke,PS4,,Leaf,,,,No,,,,,,"Alvar_fixed_(AF),Edge_fixed_(EF),other",RANDOM,,,5,,,,9.11,71.4,68
-79.06139272,44.62460234,{03473D07-AA8C-4B4E-AA7B-A737FDBF9B26},37:23.6,Richard.Feldman@ontario.ca_mnrf,37:23.6,Richard.Feldman@ontario.ca_mnrf,6/21/2023 14:52,Carden PP,CP5,,Leaf,,,,No,,,,,,"Alvar_fixed_(AF),other,Edge_fixed_(EF)",RANDIM,,,5,,,,30.7,6.5,33.3
-79.06354017,44.62275159,{AC7412BC-874E-4C31-A8D7-B53524C7E6A0},37:23.6,Richard.Feldman@ontario.ca_mnrf,37:23.6,Richard.Feldman@ontario.ca_mnrf,6/21/2023 15:10,Carden PP,CP4,,"Caterpillar,Leaf",,new caterpillar?? 3 front legs apparent ,transparent green! ,Yes,,,,,,"Edge_fixed_(EF),Alvar_fixed_(AF),Caterpillar_foraging_(CAT_F),Caterpillar_adjacent_(CAT_ADJ)",,,,3.24,40.6,39.6,,10.1,32.1,
-79.06607895,44.62083453,{EEE71B67-65A3-44DB-BD77-FAC6C1ED2A22},37:23.6,Richard.Feldman@ontario.ca_mnrf,37:23.6,Richard.Feldman@ontario.ca_mnrf,6/21/2023 15:52,Carden PP,CP3,,Leaf,,,,No,,,,,,"Alvar_fixed_(AF),Edge_fixed_(EF),other",RANDOM,,,5,,,,47.3,44.7,42.9
-79.0648244,44.61863487,{FB489FBA-0E38-4D79-973C-4B49A9421D03},37:23.6,Richard.Feldman@ontario.ca_mnrf,37:23.6,Richard.Feldman@ontario.ca_mnrf,6/21/2023 16:27,Carden PP,CP2,,"Caterpillar,Leaf",,ugly nest tent,new ugly nest cat,Yes,,,,,,"Caterpillar_foraging_(CAT_F),Caterpillar_adjacent_(CAT_ADJ),Alvar_fixed_(AF),Edge_fixed_(EF)",,,,1.2,54.7,47.2,,33.1,39.4,
-79.05358314,44.69518687,{50D237F2-6A8F-49D6-B9FB-89F7E76186F2},37:23.6,Richard.Feldman@ontario.ca_mnrf,37:23.6,Richard.Feldman@ontario.ca_mnrf,6/28/2023 14:06,North Bear,NB1,,"Caterpillar,Leaf",,,Ugly nest,Yes,,,,,,"Edge_fixed_(EF),Alvar_fixed_(AF),Caterpillar_foraging_(CAT_F),Caterpillar_adjacent_(CAT_ADJ)",,,,1.22,23.1,16.1,,19.1,18.3,
-79.05357577,44.69511007,{73937F38-2920-42C6-8121-9E6C8530CC6E},37:23.6,Richard.Feldman@ontario.ca_mnrf,37:23.6,Richard.Feldman@ontario.ca_mnrf,6/28/2023 14:16,North Bear,NB2,,Leaf,,,,No,,,,,,"Edge_fixed_(EF),Alvar_fixed_(AF),other",,,,5,,,,31.8,32,18.2
-79.05049186,44.69811912,{172BB441-BB19-4369-A711-A6A18CD36313},37:23.6,Richard.Feldman@ontario.ca_mnrf,37:23.6,Richard.Feldman@ontario.ca_mnrf,6/28/2023 14:56,North Bear,NB3,,Leaf,,,,No,,,,,,"Edge_fixed_(EF),Alvar_fixed_(AF),other",Random,,,5,,,,9.4,18.3,27
-79.05357583,44.69510933,{0E074311-F7DA-47A2-9081-28178F55DCA1},37:23.6,Richard.Feldman@ontario.ca_mnrf,37:23.6,Richard.Feldman@ontario.ca_mnrf,56:00.0,North Bear,NB5,,Leaf,,,,No,,,,,,"Edge_fixed_(EF),Alvar_fixed_(AF),other",,,,5,,,,7.5,29.2,27
-79.09250502,44.64659661,{C40E061E-FC87-4406-B85B-4385EE4368A8},37:23.6,Richard.Feldman@ontario.ca_mnrf,37:23.6,Richard.Feldman@ontario.ca_mnrf,6/29/2023 14:01,Prairie Smoke,PS3,,"Caterpillar,Leaf",,Collected on AF,Ugly nest,Yes,,,,,,"Edge_fixed_(EF),Alvar_fixed_(AF),Caterpillar_foraging_(CAT_F),Caterpillar_adjacent_(CAT_ADJ)",,,,0.02,36.2,15,,1.2,36.2,
-79.09048213,44.64831033,{E5E22A53-87BD-4B02-9F81-90973D2D1480},37:23.6,Richard.Feldman@ontario.ca_mnrf,37:23.6,Richard.Feldman@ontario.ca_mnrf,6/29/2023 14:16,Prairie Smoke,PS4,,Leaf,,,,No,,,,,,"Alvar_fixed_(AF),Edge_fixed_(EF),other",Random,,,5,,,,3.7,43.2,42.5
-79.08925465,44.65034715,{2D9999FE-6A30-4529-B397-9BAC7385F775},37:23.6,Richard.Feldman@ontario.ca_mnrf,37:23.6,Richard.Feldman@ontario.ca_mnrf,6/29/2023 14:37,Prairie Smoke,PS5,,Leaf,,,,No,,,,,,"Edge_fixed_(EF),Alvar_fixed_(AF),other",,,,5,,,,47.211,52.1,15.8
-79.09157203,44.64350371,{E780DF87-2A49-49B4-B5B7-240EBA8B3CBF},37:23.6,Richard.Feldman@ontario.ca_mnrf,37:23.6,Richard.Feldman@ontario.ca_mnrf,11:00.0,Prairie Smoke,PS2,,"Caterpillar,Leaf",,,Ugly tent ,Yes,,,,,,"Edge_fixed_(EF),Alvar_fixed_(AF),Caterpillar_foraging_(CAT_F),Caterpillar_adjacent_(CAT_ADJ)",,,,0.1,63.5,67.9,,65.7,67.2,
-79.08711234,44.64768483,{3CF48EF1-5283-43E7-A60D-14EBAD329DD1},37:23.6,Richard.Feldman@ontario.ca_mnrf,37:23.6,Richard.Feldman@ontario.ca_mnrf,6/29/2023 15:47,Prairie Smoke,PS1,,"Caterpillar,Leaf",,,,Yes,,,,,,"Alvar_fixed_(AF),Caterpillar_foraging_(CAT_F),Edge_fixed_(EF),Caterpillar_adjacent_(CAT_ADJ)",,,,2,67,83.1,,89,84.2,
-79.05190437,44.69627996,{795AAC20-5D23-474B-9CC0-6E39380E9129},37:23.6,Richard.Feldman@ontario.ca_mnrf,37:23.6,Richard.Feldman@ontario.ca_mnrf,7/4/2023 14:22,North Bear,NB5,,Leaf,,,,No,,,,,,"Alvar_fixed_(AF),Edge_fixed_(EF),other",Random,,,5,,,,38,37.2,27.3
-79.06119177,44.62443813,{EBF9BD15-5345-4836-9A21-B5861BE53256},37:23.6,Richard.Feldman@ontario.ca_mnrf,37:23.6,Richard.Feldman@ontario.ca_mnrf,7/6/2023 16:01,Carden PP,CP5,,Leaf,,,,No,,,,,,"Edge_fixed_(EF),Alvar_fixed_(AF),other",Random,,,5,,,,21.8,3.86,23.3
-79.05352121,44.69514546,{FE5C999E-786C-43A8-A8A2-8AE528F4D904},37:23.6,Richard.Feldman@ontario.ca_mnrf,37:23.6,Richard.Feldman@ontario.ca_mnrf,7/4/2023 13:50,North Bear,NB1,,Leaf,,,,No,,,,,,"Edge_fixed_(EF),Alvar_fixed_(AF),other",RANDOM,,,5,,,,3.13,10.9,1.97
-79.05020045,44.69842116,{49F44FCE-55D6-4BCC-A7DC-91DFFCA9B568},37:23.6,Richard.Feldman@ontario.ca_mnrf,37:23.6,Richard.Feldman@ontario.ca_mnrf,7/4/2023 14:41,North Bear,NB3,,Leaf,,,,No,,,,,,"Edge_fixed_(EF),Alvar_fixed_(AF),other",RANDOM,,,5,,,,3.47,48.7,5.43
-79.05167727,44.68565535,{6AD12B99-7ADD-4ED7-8E6A-115AB1A03058},37:23.6,Richard.Feldman@ontario.ca_mnrf,37:23.6,Richard.Feldman@ontario.ca_mnrf,7/4/2023 15:29,North Bear,NB5,,Leaf,,,,No,,,,,,"Edge_fixed_(EF),Alvar_fixed_(AF),other",RANDOM,,,5,,,,3.31,20.9,58
-79.08702238,44.6476444,{EF03E02C-6E4C-4938-A8D2-066AC1FA0D89},37:23.6,Richard.Feldman@ontario.ca_mnrf,37:23.6,Richard.Feldman@ontario.ca_mnrf,7/5/2023 16:11,Prairie Smoke,PS1,,Leaf,,,,No,,,,,,"Edge_fixed_(EF),Alvar_fixed_(AF),other",random,,,5,,,,64.8,57,63
-79.09152351,44.64357383,{49AD1859-6110-4510-9F98-CA1D4BE4A3ED},37:23.6,Richard.Feldman@ontario.ca_mnrf,37:23.6,Richard.Feldman@ontario.ca_mnrf,7/5/2023 16:34,Prairie Smoke,PS2,,Leaf,,,,No,,,,,,"other,Edge_fixed_(EF),Alvar_fixed_(AF)",random,,,5,,,,52,54.9,61.9
-79.0924565,44.64652472,{072E0503-BF6E-4DA4-891D-48D9E134EFFC},37:23.6,Richard.Feldman@ontario.ca_mnrf,37:23.6,Richard.Feldman@ontario.ca_mnrf,7/5/2023 16:56,Prairie Smoke,PS3,,Leaf,,,,No,,,,,,"other,Edge_fixed_(EF),Alvar_fixed_(AF)",random,,,5,,,didnt set up PS4 OR PS5 THIS WEEK because too hot,14.4,65.7,64
-79.05908193,44.652381,{ECCD3CA3-E208-4F0A-9FA5-35EF31CA5EF2},37:23.6,Richard.Feldman@ontario.ca_mnrf,37:23.6,Richard.Feldman@ontario.ca_mnrf,7/6/2023 14:37,Carden PP,CP7,,Leaf,,,,No,,,,,,"Edge_fixed_(EF),Alvar_fixed_(AF),other",RANDOM,,,5,,,,29.4,22.9,6.89
-79.06072651,44.65026444,{C22FCCD0-33E4-4A2E-9962-49E27B1706E6},37:23.6,Richard.Feldman@ontario.ca_mnrf,37:23.6,Richard.Feldman@ontario.ca_mnrf,7/6/2023 14:53,Carden PP,CP6,,Leaf,,,,No,,,,,,"Edge_fixed_(EF),Alvar_fixed_(AF),other",RANDOM,,,5,,,,44.2,45.1,47
-79.06609557,44.62083133,{21870763-C3DB-4B97-B93B-6AC76F8243F3},37:23.6,Richard.Feldman@ontario.ca_mnrf,37:23.6,Richard.Feldman@ontario.ca_mnrf,7/6/2023 16:14,Carden PP,CP3,,Leaf,,,,No,,,,,,"Edge_fixed_(EF),Alvar_fixed_(AF),other",RANDOM,,,5,,,,41.2,62.5,48.4
-79.0634079,44.62273701,{682A00F7-4F31-471C-A579-7910795F4670},37:23.6,Richard.Feldman@ontario.ca_mnrf,37:23.6,Richard.Feldman@ontario.ca_mnrf,38:00.0,Carden PP,CP4,,Leaf,,,,No,,,,,,"Edge_fixed_(EF),Alvar_fixed_(AF),other",rabdom,,,5,,,too damn hit,20,60.8,52.5
-79.06496007,44.61873276,{5214CDD4-B7D5-405A-91DB-3B8C7ED03C73},37:23.6,Richard.Feldman@ontario.ca_mnrf,37:23.6,Richard.Feldman@ontario.ca_mnrf,7/6/2023 16:56,Carden PP,CP2,,Leaf,,,,No,,,,,,"Edge_fixed_(EF),Alvar_fixed_(AF),other",RANEOM,,,5,,,,39,51.9,37.4
-79.05354023,44.69513708,{33967A42-181D-418A-A752-6B3D3A241AC9},37:23.6,Richard.Feldman@ontario.ca_mnrf,37:23.6,Richard.Feldman@ontario.ca_mnrf,7/17/2023 14:01,North Bear,NB1,,Leaf,,,,No,,,,,,"Edge_fixed_(EF),Alvar_fixed_(AF),other",Rand,,,5,,,,10.1,22,9.6
-79.05191907,44.69630361,{598103A0-F6D4-4D8D-825F-84274FF512CB},37:23.6,Richard.Feldman@ontario.ca_mnrf,37:23.6,Richard.Feldman@ontario.ca_mnrf,7/17/2023 14:24,North Bear,NB2,,Leaf,,,,No,,,,,,"Edge_fixed_(EF),Alvar_fixed_(AF),other",Rand,,,5,,,,38.8,26,30.1
-79.05039008,44.69816253,{F354996B-F666-42BF-AF2B-028753428260},37:23.6,Richard.Feldman@ontario.ca_mnrf,37:23.6,Richard.Feldman@ontario.ca_mnrf,7/17/2023 14:52,North Bear,NB3,,Leaf,,,,No,,,,,,"Edge_fixed_(EF),Alvar_fixed_(AF),other",Rand,,,5,,,,11.8,53,47
-79.05215082,44.6852176,{96F45B32-44AD-486E-9B1F-69DF3725206A},37:23.6,Richard.Feldman@ontario.ca_mnrf,37:23.6,Richard.Feldman@ontario.ca_mnrf,7/17/2023 15:49,North Bear,NB5,,Leaf,,,,No,,,,,,"Edge_fixed_(EF),Alvar_fixed_(AF),other",Rand,,,5,,,,16.2,69,21.3
-79.09237888,44.64651624,{3B412597-1726-409D-A4DA-4FAC59FD52FB},37:23.6,Richard.Feldman@ontario.ca_mnrf,37:23.6,Richard.Feldman@ontario.ca_mnrf,7/18/2023 14:56,Prairie Smoke,PS3,,"Caterpillar,Leaf",,,Ugly nest,Yes,,,,,,"Edge_fixed_(EF),Alvar_fixed_(AF),Caterpillar_foraging_(CAT_F),Caterpillar_adjacent_(CAT_ADJ)",,,,0.1,26.5,37,,5.3,63.3,
-79.09050738,44.64827259,{3FF62FA9-3520-4231-91D8-ADCDF599235F},37:23.6,Richard.Feldman@ontario.ca_mnrf,37:23.6,Richard.Feldman@ontario.ca_mnrf,7/18/2023 15:21,Prairie Smoke,PS4,,Leaf,,,,No,,,,,,"Alvar_fixed_(AF),Edge_fixed_(EF),other",Random,,,5,,,,10.1,8.47,8.36
-79.08930126,44.65016617,{CF1293CB-D27A-4ADB-AD08-E89AD43241FA},37:23.6,Richard.Feldman@ontario.ca_mnrf,37:23.6,Richard.Feldman@ontario.ca_mnrf,7/18/2023 15:41,Prairie Smoke,PS5,,Leaf,,,,No,,,,,,"Edge_fixed_(EF),Alvar_fixed_(AF),other",Rand,,,5,,,,71.4,84.8,75
-79.09149278,44.64352163,{CB933C2A-742C-4C45-8D26-5783AC02AFD4},37:23.6,Richard.Feldman@ontario.ca_mnrf,37:23.6,Richard.Feldman@ontario.ca_mnrf,7/18/2023 16:16,Prairie Smoke,PS2,,Leaf,,,,No,,,,,,"Edge_fixed_(EF),Alvar_fixed_(AF),other",,,,5,,,Raining upon data collection,8.6,12.4,7
-79.05879744,44.65237561,{1D268B7A-31FE-496E-8E40-9E717666353D},37:23.6,Richard.Feldman@ontario.ca_mnrf,37:23.6,Richard.Feldman@ontario.ca_mnrf,7/19/2023 14:19,Carden PP,CP7,,Leaf,,,,No,,,,,,"Alvar_fixed_(AF),Edge_fixed_(EF),other",,,,5,,,,46.3,49.7,53.2
-79.06010896,44.65017467,{431EB0B7-956C-4342-99A0-7A37FC995DE0},37:23.6,Richard.Feldman@ontario.ca_mnrf,37:23.6,Richard.Feldman@ontario.ca_mnrf,39:00.0,Carden PP,CP6,,Leaf,,,,No,,,,,,"Edge_fixed_(EF),Alvar_fixed_(AF),other",,,,5,,,,30.1,55.3,12.9
-79.06140646,44.62466118,{0AA40911-4945-47AC-A2C4-5E110AD2E4A2},37:23.6,Richard.Feldman@ontario.ca_mnrf,37:23.6,Richard.Feldman@ontario.ca_mnrf,7/19/2023 15:35,Carden PP,CP5,,Leaf,,,,No,,,,,,"Edge_fixed_(EF),Alvar_fixed_(AF),other",,,,5,,,,17.9,5.22,23.4
-79.06603219,44.62091363,{B7A7C39A-C365-4944-8223-B1046F8797E4},37:23.6,Richard.Feldman@ontario.ca_mnrf,37:23.6,Richard.Feldman@ontario.ca_mnrf,7/19/2023 15:47,Carden PP,CP3,,Leaf,,,,No,,,,,,"Alvar_fixed_(AF),Edge_fixed_(EF),other",,,,5,,,,8.74,8.32,8.22
-79.06347239,44.62278832,{27A05A2A-0648-403B-8EA2-70CFB58527F6},37:23.6,Richard.Feldman@ontario.ca_mnrf,37:23.6,Richard.Feldman@ontario.ca_mnrf,7/19/2023 16:05,Carden PP,CP4,,Leaf,,,,No,,,,,,"Edge_fixed_(EF),Alvar_fixed_(AF),other",,,,5,,,,8.88,93.8,13
-79.05209415,44.68519505,{6BDA1076-46FF-4075-9DDD-F6069A420B61},37:23.6,Richard.Feldman@ontario.ca_mnrf,37:23.6,Richard.Feldman@ontario.ca_mnrf,7/24/2023 14:06,North Bear,NB5,,Leaf,,,,No,,,,,,"Edge_fixed_(EF),Alvar_fixed_(AF),other",RANDOM,,,5,,,,6.4,33.4,28.7
-79.05353524,44.69522422,{16701A89-58E2-4924-A01B-3815FAE5B861},37:23.6,Richard.Feldman@ontario.ca_mnrf,37:23.6,Richard.Feldman@ontario.ca_mnrf,7/24/2023 14:48,North Bear,NB1,,Leaf,,,,No,,,,,,"Edge_fixed_(EF),Alvar_fixed_(AF),other",random,,,5,,,,5.58,46.9,4.47
-79.05191049,44.69629602,{BFEAAD65-A9D1-46E4-B56A-69D51631004E},37:23.6,Richard.Feldman@ontario.ca_mnrf,37:23.6,Richard.Feldman@ontario.ca_mnrf,08:00.0,North Bear,NB2,,Leaf,,,,No,,,,,,"Edge_fixed_(EF),Alvar_fixed_(AF),other",,,,5,,,,39.5,34.9,38.4
-79.05014515,44.69852881,{96E9E100-04D4-454A-B805-225244895052},37:23.6,Richard.Feldman@ontario.ca_mnrf,37:23.6,Richard.Feldman@ontario.ca_mnrf,27:00.0,North Bear,NB3,,Leaf,,,,No,,,,,,"other,Edge_fixed_(EF),Alvar_fixed_(AF)",random,,,5,,,,6.12,46.9,39.2
-79.08693083,44.64766808,{E0495952-9B67-4CF9-B5B5-6EFD14609AC7},37:23.6,Richard.Feldman@ontario.ca_mnrf,37:23.6,Richard.Feldman@ontario.ca_mnrf,7/25/2023 15:47,Prairie Smoke,PS1,,Leaf,,,,No,,,,,,"other,Edge_fixed_(EF),Alvar_fixed_(AF)",RANDOM,,,5,,,,41.3,43.6,61.3
-79.0915787,44.64351175,{A820BACD-724B-47E2-8CB4-C07C10E7AD31},37:23.6,Richard.Feldman@ontario.ca_mnrf,37:23.6,Richard.Feldman@ontario.ca_mnrf,7/25/2023 16:19,Prairie Smoke,PS2,,Leaf,,,,No,,,,,,"Edge_fixed_(EF),Alvar_fixed_(AF),other",random,,,5,,,,6.39,10.5,9.2
-79.09239296,44.64650372,{00525150-D991-480D-BC30-DF46614E56EE},37:23.6,Richard.Feldman@ontario.ca_mnrf,37:23.6,Richard.Feldman@ontario.ca_mnrf,7/25/2023 16:35,Prairie Smoke,PS3,,Leaf,,yellow,ugly nest caterpillar?,Yes,,,,,,"Alvar_fixed_(AF),Edge_fixed_(EF),Caterpillar_foraging_(CAT_F),Caterpillar_adjacent_(CAT_ADJ)",,,,4,20.1,20,,4.68,21.6,
-79.09063138,44.64821653,{F893DB73-0A59-4230-B477-E3D8267908CB},37:23.6,Richard.Feldman@ontario.ca_mnrf,37:23.6,Richard.Feldman@ontario.ca_mnrf,7/25/2023 17:00,Prairie Smoke,PS4,,Leaf,,,,No,,,,,,"Edge_fixed_(EF),Alvar_fixed_(AF),other",random,,,5,,,,50,42.6,64.1
-79.08925868,44.65037419,{2563EBBD-2160-46E2-9016-FAFF4DCCAE31},37:23.6,Richard.Feldman@ontario.ca_mnrf,37:23.6,Richard.Feldman@ontario.ca_mnrf,7/25/2023 17:16,Prairie Smoke,PS5,,Leaf,,,,No,,,,,,"Edge_fixed_(EF),Alvar_fixed_(AF),other",random,,,5,,,,15.7,28.2,16.1
-79.06059881,44.65017762,{3C4482B2-6E3E-463C-9A9D-C8BEBA7E58CF},37:23.6,Richard.Feldman@ontario.ca_mnrf,37:23.6,Richard.Feldman@ontario.ca_mnrf,7/26/2023 15:28,Carden PP,CP6,,Leaf,,,,No,,,,,,"Edge_fixed_(EF),Alvar_fixed_(AF),other",random,,,5,,,,18.7,34.7,37.8
-79.05913376,44.65247023,{B0F13E3C-85B9-43D4-B91B-247DA7E0EB13},37:23.6,Richard.Feldman@ontario.ca_mnrf,37:23.6,Richard.Feldman@ontario.ca_mnrf,53:00.0,Carden PP,CP7,,Leaf,,,,No,,,,,,"other,Edge_fixed_(EF),Alvar_fixed_(AF)",rand,,,5,,,,45.2,47.7,40.2
-79.0648879,44.61869992,{7B41479B-F262-40EA-AA19-BE0E7679A3AB},37:23.6,Richard.Feldman@ontario.ca_mnrf,37:23.6,Richard.Feldman@ontario.ca_mnrf,7/26/2023 16:31,Carden PP,CP2,,Leaf,,,,No,,,,,,"Alvar_fixed_(AF),other,Edge_fixed_(EF)",random,,,5,,,,47.5,44.6,47.5
-79.05162545,44.68568053,{D46B0980-4B8A-441D-9675-0A916A268594},37:23.6,Richard.Feldman@ontario.ca_mnrf,37:23.6,Richard.Feldman@ontario.ca_mnrf,7/31/2023 13:29,North Bear,NB5,,Leaf,,,,No,,,,,,"Edge_fixed_(EF),Alvar_fixed_(AF),other",random,,,5,,,,1.96,5.22,3.21
-79.0534828,44.69511599,{42D4BF5C-46ED-4901-94EF-90E29E81AB88},37:23.6,Richard.Feldman@ontario.ca_mnrf,37:23.6,Richard.Feldman@ontario.ca_mnrf,7/31/2023 14:08,North Bear,NB1,,"Caterpillar,Leaf",,,possibly ugly nest,Yes,,,,,,"Alvar_fixed_(AF),Edge_fixed_(EF),Caterpillar_foraging_(CAT_F),Caterpillar_adjacent_(CAT_ADJ)",,,,5,5.67,48.3,,5.05,4.91,
-79.05193011,44.69640941,{A8DA8B15-6747-4E88-8D14-C62F634A14AE},37:23.6,Richard.Feldman@ontario.ca_mnrf,37:23.6,Richard.Feldman@ontario.ca_mnrf,7/31/2023 14:32,North Bear,NB2,,Leaf,,,,No,,,,,,"Edge_fixed_(EF),Alvar_fixed_(AF),other",random,,,5,,,,57.8,14.5,7.74
-79.05018757,44.69837392,{F0BC05C1-E580-450D-96B7-FDBB1314F2E9},37:23.6,Richard.Feldman@ontario.ca_mnrf,37:23.6,Richard.Feldman@ontario.ca_mnrf,7/31/2023 14:49,North Bear,NB3,,Leaf,,,,No,,,,,,"Alvar_fixed_(AF),Edge_fixed_(EF),other",random,,,5,,,,6.29,13,9.23
-79.08693118,44.64762687,{EA47C9C8-7E72-4E3C-9A0E-4C82ABFAA301},37:23.6,Richard.Feldman@ontario.ca_mnrf,37:23.6,Richard.Feldman@ontario.ca_mnrf,27:00.0,Prairie Smoke,PS1,,Leaf,,,,No,,,,,,"Edge_fixed_(EF),Alvar_fixed_(AF),other",rabdom,,,5,,,,50.8,40.9,60.5
-79.09147536,44.64333775,{6F958213-706A-4D01-A7D1-481C813C2D93},37:23.6,Richard.Feldman@ontario.ca_mnrf,37:23.6,Richard.Feldman@ontario.ca_mnrf,8/1/2023 15:55,Prairie Smoke,PS2,,"Leaf,Caterpillar",,,"green, could be sawfly?",Yes,,,,,,"Caterpillar_adjacent_(CAT_ADJ),Caterpillar_foraging_(CAT_F),Alvar_fixed_(AF),Edge_fixed_(EF)",,,,5,62,50.6,could be sawfly,50.4,34.8,
-79.09235649,44.64641423,{C6CA20AE-0E29-4350-BB1D-FE3C68921C66},37:23.6,Richard.Feldman@ontario.ca_mnrf,37:23.6,Richard.Feldman@ontario.ca_mnrf,8/1/2023 16:17,Prairie Smoke,PS3,,"Caterpillar,Leaf",,,ugly nest or dagger,Yes,,,,,,"Caterpillar_foraging_(CAT_F),Alvar_fixed_(AF),Edge_fixed_(EF),Caterpillar_adjacent_(CAT_ADJ)",,,,5,20.8,15.5,,26.2,16.4,
-79.09064515,44.6482956,{527579F2-4060-42B1-8E9E-59ECA17C1FC7},37:23.6,Richard.Feldman@ontario.ca_mnrf,37:23.6,Richard.Feldman@ontario.ca_mnrf,8/1/2023 16:35,Prairie Smoke,PS4,,Leaf,,,,No,,,,,,"Edge_fixed_(EF),Alvar_fixed_(AF),other",random,,,5,,,,6.31,23.6,65.2
-79.08924137,44.6503655,{49F2867A-E1E7-4278-B295-556AE97E32A3},37:23.6,Richard.Feldman@ontario.ca_mnrf,37:23.6,Richard.Feldman@ontario.ca_mnrf,8/1/2023 16:52,Prairie Smoke,PS5,,Leaf,,,,No,,,,,,"Edge_fixed_(EF),Alvar_fixed_(AF),other",random,,,5,,,,48,68.9,79.4
-79.05908492,44.65243279,{CAF561ED-27BD-4959-9662-CD3859C7ADB1},37:23.6,Richard.Feldman@ontario.ca_mnrf,37:23.6,Richard.Feldman@ontario.ca_mnrf,8/2/2023 14:48,Carden PP,CP7,,Leaf,,,,No,,,,,,"Alvar_fixed_(AF),Edge_fixed_(EF),other",random,,,5,,,,45.9,39.2,38.7
-79.06063327,44.65032257,{5D0D70BF-D9B7-48A6-B9C2-C523126F80E2},37:23.6,Richard.Feldman@ontario.ca_mnrf,37:23.6,Richard.Feldman@ontario.ca_mnrf,8/2/2023 15:14,Carden PP,CP6,,"Leaf,Caterpillar",,black ane yeloow,?? dagger,Yes,,,,,,"Caterpillar_adjacent_(CAT_ADJ),Caterpillar_foraging_(CAT_F),Alvar_fixed_(AF),Edge_fixed_(EF)",,,,5,22.4,49.8,,30,21.6,
-79.06339749,44.62283425,{45DD4F7A-AA45-498F-AF46-71DD5C513EEB},37:23.6,Richard.Feldman@ontario.ca_mnrf,37:23.6,Richard.Feldman@ontario.ca_mnrf,8/2/2023 16:07,Carden PP,CP4,,Leaf,,,,No,,,,,,"Edge_fixed_(EF),Alvar_fixed_(AF),other",random,,,5,,,,11.4,46,17.6
-79.06607043,44.62079344,{EEF2D188-9413-4424-A117-559E1CDB6C78},37:23.6,Richard.Feldman@ontario.ca_mnrf,37:23.6,Richard.Feldman@ontario.ca_mnrf,8/2/2023 16:30,Carden PP,CP3,,Leaf,,,,No,,,,,,"other,Edge_fixed_(EF),Alvar_fixed_(AF)",rabdom,,,5,,,,17.1,23,16.8
-79.06458782,44.61888124,{8199CF7D-3088-413E-9FB1-F1B5680C9834},37:23.6,Richard.Feldman@ontario.ca_mnrf,37:23.6,Richard.Feldman@ontario.ca_mnrf,8/2/2023 17:06,Carden PP,CP2,,Leaf,,,,No,,,,,,"Edge_fixed_(EF),Alvar_fixed_(AF),other",random,,,5,,,,50.9,36.4,42.5
-79.05205206,44.68501579,{7E187091-E839-4A34-B503-E8D2BA828F27},37:23.6,Richard.Feldman@ontario.ca_mnrf,37:23.6,Richard.Feldman@ontario.ca_mnrf,8/15/2023 13:52,North Bear,NB5,,Leaf,,,,No,,,,,,"Edge_fixed_(EF),Alvar_fixed_(AF),other",,,,5,,,Saw caterpillar after survey,4.1,9.58,6.47
-79.05353255,44.69519418,{3A731ED3-BDF4-48DA-BF4A-7E792A4B2998},37:23.6,Richard.Feldman@ontario.ca_mnrf,37:23.6,Richard.Feldman@ontario.ca_mnrf,42:00.0,North Bear,NB1,,Leaf,,,,No,,,,,,"Edge_fixed_(EF),Alvar_fixed_(AF),other",Random,,,5,,,Leaves are wilting fro deciduous trees everywhere at site,8.64,17.8,5.01
-79.05173444,44.69633501,{EFE76B9D-91D0-4A2A-B743-FBFC09683231},37:23.6,Richard.Feldman@ontario.ca_mnrf,37:23.6,Richard.Feldman@ontario.ca_mnrf,8/15/2023 15:07,North Bear,NB2,,Leaf,,,,No,,,,,,"Edge_fixed_(EF),Alvar_fixed_(AF),other",Random,,,5,,,,12.1,10.4,14.1
-79.05017226,44.69846012,{DDF280DB-C24B-4C97-AAA4-97E9CEFA6E7D},37:23.6,Richard.Feldman@ontario.ca_mnrf,37:23.6,Richard.Feldman@ontario.ca_mnrf,8/15/2023 15:29,North Bear,NB3,,Leaf,,,,No,,,,,,"other,Edge_fixed_(EF),Alvar_fixed_(AF)",Random,,,5,,,,4.96,15.5,13.5
-79.086988,44.64766862,{CB0C770C-35E0-4C1A-A51E-550B9FC3331E},37:23.6,Richard.Feldman@ontario.ca_mnrf,37:23.6,Richard.Feldman@ontario.ca_mnrf,8/16/2023 15:46,Prairie Smoke,PS1,,Leaf,,,,No,,,,,,"other,Edge_fixed_(EF),Alvar_fixed_(AF)",Random,,,5,,,,58,41.2,57.1
-79.09188801,44.6434167,{F41CC659-E734-4F05-8205-09C444804A73},37:23.6,Richard.Feldman@ontario.ca_mnrf,37:23.6,Richard.Feldman@ontario.ca_mnrf,8/16/2023 16:13,Prairie Smoke,PS3,,Leaf,,,,No,,,,,,"Edge_fixed_(EF),Alvar_fixed_(AF),other",Random,,,5,,,,52.7,45.6,8.02
-79.0924108,44.6465135,{AA0B60AA-8163-4EA8-AF8A-CAB1A4987CCC},37:23.6,Richard.Feldman@ontario.ca_mnrf,37:23.6,Richard.Feldman@ontario.ca_mnrf,8/16/2023 16:28,Prairie Smoke,PS3,,Leaf,,,,No,,,,,,"Alvar_fixed_(AF),Edge_fixed_(EF),other",Random,,,5,,,,36.9,43.8,46
-79.09041989,44.64827445,{76093DD7-8222-41B7-A04C-2F2E30F948FC},37:23.6,Richard.Feldman@ontario.ca_mnrf,37:23.6,Richard.Feldman@ontario.ca_mnrf,8/16/2023 16:43,Prairie Smoke,PS4,,Leaf,,,,No,,,,,,"Edge_fixed_(EF),Alvar_fixed_(AF),other",Random,,,5,,,,11.2,59.5,61.2
-79.06127605,44.62468973,{D1371BDA-A9EE-42D8-80E8-0E8ACBBBFEFA},37:23.6,Richard.Feldman@ontario.ca_mnrf,37:23.6,Richard.Feldman@ontario.ca_mnrf,23:00.0,Carden PP,CP5,,Leaf,,,,No,,,,,,"Edge_fixed_(EF),Alvar_fixed_(AF),other",Random,,,5,,,Alvar shrub under an elm tree,13.6,7.06,11.9
-79.06349599,44.6228251,{1A333B56-7769-4685-9A5B-391E09E4F5D6},37:23.6,Richard.Feldman@ontario.ca_mnrf,37:23.6,Richard.Feldman@ontario.ca_mnrf,8/17/2023 14:49,Carden PP,CP4,,Leaf,,,,No,,,,,,"other,Edge_fixed_(EF),Alvar_fixed_(AF)",Random,,,5,,,,4.79,13.7,24.6
-79.06600202,44.62062162,{7A902129-4F70-4010-AFBB-600521F4E33B},37:23.6,Richard.Feldman@ontario.ca_mnrf,37:23.6,Richard.Feldman@ontario.ca_mnrf,8/17/2023 15:23,Carden PP,CP3,,Leaf,,,,No,,,,,,"other,Edge_fixed_(EF),Alvar_fixed_(AF)",Rqndom,,,5,,,,28.6,25,48.6
-79.05216249,44.68524544,{D2D0EDFC-D40F-4274-906C-E99818ECDE74},37:23.6,Richard.Feldman@ontario.ca_mnrf,37:23.6,Richard.Feldman@ontario.ca_mnrf,8/21/2023 13:47,North Bear,NB5,,Leaf,,,,No,,,,,,"Edge_fixed_(EF),Alvar_fixed_(AF),other",,,,5,,,,4.68,19.7,17.2
-79.05351422,44.69521075,{51B0D84B-C335-46EE-9EB3-5EC098E2752C},37:23.6,Richard.Feldman@ontario.ca_mnrf,37:23.6,Richard.Feldman@ontario.ca_mnrf,8/21/2023 14:34,North Bear,NB1,,Leaf,,,,No,,,,,,"Edge_fixed_(EF),Alvar_fixed_(AF),other",,,,5,,,,7.05,50,6.27
-79.05164976,44.69655247,{4F1037F2-AB51-4623-B2E5-B9E2B93AE1E9},37:23.6,Richard.Feldman@ontario.ca_mnrf,37:23.6,Richard.Feldman@ontario.ca_mnrf,8/21/2023 14:59,North Bear,NB2,,Leaf,,,,No,,,,,,"Edge_fixed_(EF),Alvar_fixed_(AF),other",,,,5,,,,36,27,25
-79.05049244,44.69810598,{2960DFA6-236A-4FF1-A8A3-70780A8A1931},37:23.6,Richard.Feldman@ontario.ca_mnrf,37:23.6,Richard.Feldman@ontario.ca_mnrf,8/21/2023 15:21,North Bear,NB3,,Leaf,,,,No,,,,,,"Edge_fixed_(EF),Alvar_fixed_(AF),other",,,,5,,,,10.3,51,35
-79.08694234,44.64764187,{65583288-ABC2-47D1-95FE-6355EEE19ACA},37:23.6,Richard.Feldman@ontario.ca_mnrf,37:23.6,Richard.Feldman@ontario.ca_mnrf,8/22/2023 14:52,Prairie Smoke,PS1,,Leaf,,,,No,,,,,,"Edge_fixed_(EF),Alvar_fixed_(AF),other",,,,5,,,,30,47.4,43.2
-79.09149801,44.64352536,{04C0E5F9-7233-471D-8F72-3FBED10186D9},37:23.6,Richard.Feldman@ontario.ca_mnrf,37:23.6,Richard.Feldman@ontario.ca_mnrf,24:00.0,Prairie Smoke,PS2,,Leaf,,,,No,,,,,,"Edge_fixed_(EF),Alvar_fixed_(AF),other",,,,5,,,,36.5,41,3.72
-79.09242502,44.64647628,{B8E5E5AE-007B-49BC-B0C9-88EA4CD0C123},37:23.6,Richard.Feldman@ontario.ca_mnrf,37:23.6,Richard.Feldman@ontario.ca_mnrf,8/22/2023 15:52,Prairie Smoke,PS3,,Leaf,,,,No,,,,,,"Edge_fixed_(EF),Alvar_fixed_(AF),other",,,,5,,,,24,53,64
-79.09047891,44.6483492,{940E9002-64CE-4E08-94C1-FE6FF50011E6},37:23.6,Richard.Feldman@ontario.ca_mnrf,37:23.6,Richard.Feldman@ontario.ca_mnrf,8/22/2023 16:13,Prairie Smoke,PS4,,Leaf,,,,No,,,,,,"Edge_fixed_(EF),Alvar_fixed_(AF),other",,,,5,,,,10.4,55,69
-79.06077641,44.65020177,{76926E3D-7399-40F5-ADF4-A3A2A1FCB78F},37:23.6,Richard.Feldman@ontario.ca_mnrf,37:23.6,Richard.Feldman@ontario.ca_mnrf,8/23/2023 14:34,Carden PP,CP6,,Leaf,,,,No,,,,,,"Edge_fixed_(EF),Alvar_fixed_(AF),other",,,,5,,,,18.1,40.7,25
-79.05909818,44.65241316,{E69263AF-9983-42B9-B692-E9A57B0F818A},37:23.6,Richard.Feldman@ontario.ca_mnrf,37:23.6,Richard.Feldman@ontario.ca_mnrf,8/23/2023 14:50,Carden PP,CP7,,Leaf,,,,No,,,,,,"Edge_fixed_(EF),Alvar_fixed_(AF),other",,,,5,,,,28.4,26.2,24.3
-79.06139239,44.62465478,{87802177-D8E2-491A-9B64-D8FB0F78D034},37:23.6,Richard.Feldman@ontario.ca_mnrf,37:23.6,Richard.Feldman@ontario.ca_mnrf,8/23/2023 15:30,Carden PP,CP5,,Leaf,,,,No,,,,,,"Edge_fixed_(EF),Alvar_fixed_(AF),other",,,,5,,,,13.9,9.3,13.8
-79.06343192,44.62276294,{2893CB93-3ACF-488F-8FF8-037F80A65383},37:23.6,Richard.Feldman@ontario.ca_mnrf,37:23.6,Richard.Feldman@ontario.ca_mnrf,8/23/2023 15:48,Carden PP,CP4,,Leaf,,,,No,,,,,,"Edge_fixed_(EF),Alvar_fixed_(AF),other",,,,5,,,,4.42,19.1,17.1
-79.06595867,44.62088589,{28B48C13-B202-44B6-A6B7-690630014AF6},37:23.6,Richard.Feldman@ontario.ca_mnrf,37:23.6,Richard.Feldman@ontario.ca_mnrf,8/23/2023 16:07,Carden PP,CP3,,Leaf,,,,No,,,,,,"Edge_fixed_(EF),Alvar_fixed_(AF),other",,,,5,,,,,21.7,26.4
-79.05206574,44.68519375,{D847C69D-6900-4AB9-BA76-1AEB6A6AD134},37:23.6,Richard.Feldman@ontario.ca_mnrf,37:23.6,Richard.Feldman@ontario.ca_mnrf,9/11/2023 13:28,North Bear,NB5,,Leaf,,,,No,,,,,,"Edge_fixed_(EF),Alvar_fixed_(AF),other",,,,5,,,,4.28,10.1,7.56
-79.05354011,44.69520513,{0BC8A2C6-57C6-44CC-8E2B-1BAF707C3B1B},37:23.6,Richard.Feldman@ontario.ca_mnrf,37:23.6,Richard.Feldman@ontario.ca_mnrf,9/11/2023 14:11,North Bear,NB1,,Leaf,,,,No,,,,,,"Edge_fixed_(EF),Alvar_fixed_(AF),other",,,,5,,,,4,15,13.6
-79.05147457,44.6963178,{2B4ADED7-1673-4E32-B141-F2BE0AEE5B5F},37:23.6,Richard.Feldman@ontario.ca_mnrf,37:23.6,Richard.Feldman@ontario.ca_mnrf,9/11/2023 14:44,North Bear,NB2,,"Leaf,Caterpillar",,"Almost pupatint, curled up, posted on inat",Blinded sphinx ,Yes,,,,,,"Edge_fixed_(EF),Alvar_fixed_(AF),Caterpillar_foraging_(CAT_F),Caterpillar_adjacent_(CAT_ADJ)",,,,5,5,23.2,,25.9,11.7,
-79.05022399,44.69830763,{185B0EB4-130F-4DB7-A6C8-B1BB8C25BAFA},37:23.6,Richard.Feldman@ontario.ca_mnrf,37:23.6,Richard.Feldman@ontario.ca_mnrf,9/11/2023 15:15,North Bear,NB3,,Leaf,,,,No,,,,,,"Edge_fixed_(EF),Alvar_fixed_(AF),other",,,,5,,,,4.92,25,10
-79.08691445,44.64772027,{E5183E5F-61C5-4B78-8AE8-67C232CA13DA},37:23.6,Richard.Feldman@ontario.ca_mnrf,37:23.6,Richard.Feldman@ontario.ca_mnrf,9/13/2023 13:23,Prairie Smoke,PS1,,Leaf,,,,No,,,,,,"Edge_fixed_(EF),Alvar_fixed_(AF),other",,,,5,,,Leaves falling off,10.4,5.08,2.42
-79.09151805,44.64350356,{D2722EC1-CBF0-42FF-B392-5145EE79BFB1},37:23.6,Richard.Feldman@ontario.ca_mnrf,37:23.6,Richard.Feldman@ontario.ca_mnrf,57:00.0,Prairie Smoke,PS2,,Leaf,,,,No,,,,,,"other,Alvar_fixed_(AF),Edge_fixed_(EF)",,,,5,,,"Leaves falling off.
Note to self : all samples of this sumner of white sweetmeadow should extract 3 leaves",8.43,11,8.74
-79.09238885,44.64651508,{A1D754B1-055F-4D4B-9DC8-DF3E8C4AA5CE},37:23.6,Richard.Feldman@ontario.ca_mnrf,37:23.6,Richard.Feldman@ontario.ca_mnrf,9/13/2023 14:19,Prairie Smoke,PS3,,Leaf,,,,No,,,,,,"other,Edge_fixed_(EF),Alvar_fixed_(AF)",,,,5,,,The random plant is always the same,4.62,5.46,27.2
-79.09053182,44.64821233,{6F2A3961-4201-4A7A-B63A-11B47EC3BBDE},37:23.6,Richard.Feldman@ontario.ca_mnrf,37:23.6,Richard.Feldman@ontario.ca_mnrf,9/13/2023 14:40,Prairie Smoke,PS4,,Leaf,,,,No,,,,,,"other,Alvar_fixed_(AF),Edge_fixed_(EF)",,,,5,,,,5.77,20.1,10
-79.0589075,44.65240113,{B846018E-EAFE-48AB-8800-4AE64AFE9ECB},37:23.6,Richard.Feldman@ontario.ca_mnrf,37:23.6,Richard.Feldman@ontario.ca_mnrf,9/14/2023 14:18,Carden PP,CP7,,Leaf,,,,No,,,,,,"other,Edge_fixed_(EF),Alvar_fixed_(AF)",,,,5,,,,36.6,28.2,7.71
-79.06138907,44.624506,{658FBC50-A6F3-4807-AB03-BCFC44776ECC},37:23.6,Richard.Feldman@ontario.ca_mnrf,37:23.6,Richard.Feldman@ontario.ca_mnrf,9/14/2023 15:10,Carden PP,CP5,,"Leaf,Caterpillar",,2 antenna by the head and two at tail,Tussock,Yes,,,,,,"Edge_fixed_(EF),Alvar_fixed_(AF),Caterpillar_foraging_(CAT_F),Caterpillar_adjacent_(CAT_ADJ)",,,,4,0.38,1.36,Surroundef by white ash and hornbeam,37.3,2.03,
-79.06347829,44.62285026,{327DC939-A24A-4BE7-807A-1D6BC96065B2},37:23.6,Richard.Feldman@ontario.ca_mnrf,37:23.6,Richard.Feldman@ontario.ca_mnrf,9/14/2023 15:39,Carden PP,CP4,,Leaf,,,,No,,,,,,"Edge_fixed_(EF),Alvar_fixed_(AF),other",,,,5,,,,20,8.32,21.7
-79.06612208,44.62092798,{590CBE3D-55D5-4293-AFEF-B688B562952B},37:23.6,Richard.Feldman@ontario.ca_mnrf,37:23.6,Richard.Feldman@ontario.ca_mnrf,9/14/2023 16:03,Carden PP,CP3,,Leaf,,,,No,,,,,,"Edge_fixed_(EF),Alvar_fixed_(AF),other",,,,5,,,,14,50,51.1
-79.0521267,44.68519175,{72E1655C-4C5A-4612-9487-3BE16DC3E359},37:23.6,Richard.Feldman@ontario.ca_mnrf,37:23.6,Richard.Feldman@ontario.ca_mnrf,9/19/2023 14:05,North Bear,NB5,,Leaf,,,,No,,,,,,"Edge_fixed_(EF),Alvar_fixed_(AF),other",,,,5,,,,5.08,11.7,5
-79.05470673,44.69514408,{D01F34D2-C7FA-4996-A7C7-B14BADE75A70},37:23.6,Richard.Feldman@ontario.ca_mnrf,37:23.6,Richard.Feldman@ontario.ca_mnrf,9/19/2023 14:49,North Bear,NB1,,Leaf,,,,No,,,,,,"Edge_fixed_(EF),Alvar_fixed_(AF),other",,,,5,,,,3.18,44.1,32.3
-79.05159257,44.69650332,{C6B01964-9312-45C0-9822-410D11D6C0B3},37:23.6,Richard.Feldman@ontario.ca_mnrf,37:23.6,Richard.Feldman@ontario.ca_mnrf,9/19/2023 15:12,North Bear,NB2,,Leaf,,,,No,,,,,,"other,Alvar_fixed_(AF),Edge_fixed_(EF)",,,,5,,,,46.3,7.76,12
-79.05026319,44.6981949,{F6356F74-CBF9-4B9C-9BFE-A4CBD3C11B19},37:23.6,Richard.Feldman@ontario.ca_mnrf,37:23.6,Richard.Feldman@ontario.ca_mnrf,9/19/2023 15:38,North Bear,NB3,,Leaf,,,,No,,,,,,"other,Edge_fixed_(EF),Alvar_fixed_(AF)",,,,5,,,,2.01,31,3.25
-79.08694785,44.64764579,{6E096E16-67E0-4CE5-BD5F-F867A24EB7AE},37:23.6,Richard.Feldman@ontario.ca_mnrf,37:23.6,Richard.Feldman@ontario.ca_mnrf,23:00.0,Prairie Smoke,PS1,,Leaf,,,,No,,,,,,"Edge_fixed_(EF),Alvar_fixed_(AF),other",,,,5,,,,23.4,17.6,20.2
-79.09143185,44.64355877,{7E96AE66-DA22-4C2B-8F03-B1669445E921},37:23.6,Richard.Feldman@ontario.ca_mnrf,37:23.6,Richard.Feldman@ontario.ca_mnrf,9/20/2023 15:05,Prairie Smoke,PS2,,Leaf,,,,No,,,,,,"Alvar_fixed_(AF),other",,,,5,,,No EF leaves collected,22,11.6,0.97
-79.09250946,44.64644427,{8DEF638F-F688-460F-9032-BE20850DCB93},37:23.6,Richard.Feldman@ontario.ca_mnrf,37:23.6,Richard.Feldman@ontario.ca_mnrf,9/20/2023 15:28,Prairie Smoke,PS3,,Leaf,,,,No,,,,,,"other,Edge_fixed_(EF),Alvar_fixed_(AF)",,,,5,,,,34.6,35.7,41.5
-79.09057084,44.64829776,{39A2B148-44D5-4948-A46C-4F9A123E3D3D},37:23.6,Richard.Feldman@ontario.ca_mnrf,37:23.6,Richard.Feldman@ontario.ca_mnrf,9/20/2023 15:54,Prairie Smoke,PS4,,Leaf,,,,No,,,,,,"other,Edge_fixed_(EF),Alvar_fixed_(AF)",,,,5,,,,6.72,26.8,45.2
-79.05927147,44.65237327,{E556EAFE-8DF7-41EF-A873-FD4692952F90},37:23.6,Richard.Feldman@ontario.ca_mnrf,37:23.6,Richard.Feldman@ontario.ca_mnrf,9/21/2023 14:06,Carden PP,CP7,,Leaf,,,,No,,,,,,"Edge_fixed_(EF),Alvar_fixed_(AF),other",,,,5,,,On AF leaves almost all gone,11.2,10.5,11.8
-79.06139604,44.62469453,{C6E15517-F8E2-4DAC-B3BE-AE0A666CF74A},37:23.6,Richard.Feldman@ontario.ca_mnrf,37:23.6,Richard.Feldman@ontario.ca_mnrf,55:00.0,Carden PP,CP5,,Leaf,,,,No,,,,,,"Edge_fixed_(EF),Alvar_fixed_(AF),other",,,,5,,,,14.5,6.6,6.36
-79.06340362,44.62274547,{49293F8C-5A49-4DAF-846D-1F26107DFC07},37:23.6,Richard.Feldman@ontario.ca_mnrf,37:23.6,Richard.Feldman@ontario.ca_mnrf,9/21/2023 15:14,Carden PP,CP4,,Leaf,,,,No,,,,,,"other,Edge_fixed_(EF),Alvar_fixed_(AF)",,,,5,,,,7.11,20.7,9.59
-79.06621267,44.62089118,{8FCF4CAE-913B-4509-9284-A11ACB4A5BFE},37:23.6,Richard.Feldman@ontario.ca_mnrf,37:23.6,Richard.Feldman@ontario.ca_mnrf,9/21/2023 15:34,Carden PP,CP3,,Leaf,,,,No,,,,,,"Alvar_fixed_(AF),Edge_fixed_(EF),other",,,,5,,,,21.4,23.2,13.5
-79.06492378,44.61871223,{81EA85AB-2054-429F-BB66-16394D693A34},37:23.6,Richard.Feldman@ontario.ca_mnrf,37:23.6,Richard.Feldman@ontario.ca_mnrf,9/21/2023 16:06,Carden PP,CP2,,Leaf,,,,No,,,,,,"other,Alvar_fixed_(AF),Edge_fixed_(EF)",,,,5,,,,45.7,31.9,35.6
